"yyyy-mm-ddTHH:MM:SSZ","BB_100-24000"
2022-04-25 12:00:00,93.4062177654665
2022-04-25 12:02:00,93.39812606608
2022-04-25 12:04:00,93.0155237550715
2022-04-25 12:06:00,95.1950292832131
2022-04-25 12:08:00,93.6578699092364
2022-04-25 12:10:00,91.1584234923444
2022-04-25 12:12:00,95.3795937873579
2022-04-25 12:14:00,93.1056946720619
2022-04-25 12:16:00,96.1168835462284
2022-04-25 12:18:00,94.1220552065635
2022-04-25 12:20:00,95.0811450778241
2022-04-25 12:22:00,89.6798196255144
2022-04-25 12:24:00,91.8619340110232
2022-04-25 12:26:00,93.4233928440993
2022-04-25 12:28:00,90.3637308190557
2022-04-25 12:30:00,93.0802547339996
2022-04-25 12:32:00,95.482612440939
2022-04-25 12:34:00,97.8702729467358
2022-04-25 12:36:00,93.1305146460637
2022-04-25 12:38:00,95.009352264585
2022-04-25 12:40:00,93.5889847470478
2022-04-25 12:42:00,92.1632272566841
2022-04-25 12:44:00,96.0774406045974
2022-04-25 12:46:00,93.5673427059964
2022-04-25 12:48:00,94.5127134880875
2022-04-25 12:50:00,93.8199375341129
2022-04-25 12:52:00,91.6524995513238
2022-04-25 12:54:00,96.2905079616583
2022-04-25 12:56:00,97.3017488989502
2022-04-25 12:58:00,93.6544221439824
2022-04-25 13:00:00,90.3369022912746
2022-04-25 13:02:00,94.1299648717688
2022-04-25 13:04:00,95.7017172801909
2022-04-25 13:06:00,95.2777294256632
2022-04-25 13:08:00,94.6073233464933
2022-04-25 13:10:00,96.773972413009
2022-04-25 13:12:00,96.3736217227769
2022-04-25 13:14:00,95.1204691115657
2022-04-25 13:16:00,97.7293158078893
2022-04-25 13:18:00,96.961399908619
2022-04-25 13:20:00,92.1019175334569
2022-04-25 13:22:00,93.9310776711899
2022-04-25 13:24:00,91.9932022178016
2022-04-25 13:26:00,96.8354458649478
2022-04-25 13:28:00,93.1346325383777
2022-04-25 13:30:00,98.5713070538926
2022-04-25 13:32:00,94.7747518831322
2022-04-25 13:34:00,98.3487717650322
2022-04-25 13:36:00,99.1543510125342
2022-04-25 13:38:00,96.8255697115496
2022-04-25 13:40:00,97.0666742686475
2022-04-25 13:42:00,96.7769466609744
2022-04-25 13:44:00,99.3488461250143
2022-04-25 13:46:00,93.2417409530073
2022-04-25 13:48:00,95.5375423711708
2022-04-25 13:50:00,98.1355660621747
2022-04-25 13:52:00,100.753210510248
2022-04-25 13:54:00,99.3945805526318
2022-04-25 13:56:00,97.2581205538279
2022-04-25 13:58:00,100.333235948095
2022-04-25 14:00:00,102.057716174026
2022-04-25 14:02:00,102.921083886789
2022-04-25 14:04:00,97.6259244187913
2022-04-25 14:06:00,97.2096520478684
2022-04-25 14:08:00,101.508318487307
2022-04-25 14:10:00,98.2601442947075
2022-04-25 14:12:00,96.9695340724375
2022-04-25 14:14:00,97.8367741932463
2022-04-25 14:16:00,98.0249319524171
2022-04-25 14:18:00,97.8665317272936
2022-04-25 14:20:00,98.6441927558205
2022-04-25 14:22:00,96.2771858533111
2022-04-25 14:24:00,101.468864610234
2022-04-25 14:26:00,97.3134029301619
2022-04-25 14:28:00,99.0393835368107
2022-04-25 14:30:00,98.4433049249006
2022-04-25 14:32:00,99.5614764118355
2022-04-25 14:34:00,95.7885316401628
2022-04-25 14:36:00,97.2499944191747
2022-04-25 14:38:00,93.8304630579506
2022-04-25 14:40:00,96.0871042721451
2022-04-25 14:42:00,95.3059935620472
2022-04-25 14:44:00,94.5498006405891
2022-04-25 14:46:00,96.2534770400196
2022-04-25 14:48:00,92.5203900916547
2022-04-25 14:50:00,89.6177043702904
2022-04-25 14:52:00,92.977386805168
2022-04-25 14:54:00,92.1431420359672
2022-04-25 14:56:00,89.8792311158303
2022-04-25 14:58:00,94.2251936957237
2022-04-25 15:00:00,91.7930352750343
2022-04-25 15:02:00,96.8258985846339
2022-04-25 15:04:00,94.8103912682079
2022-04-25 15:06:00,93.174597918823
2022-04-25 15:08:00,93.2488271568528
2022-04-25 15:10:00,95.4934175718954
2022-04-25 15:12:00,92.7508914288361
2022-04-25 15:14:00,95.8536241896059
2022-04-25 15:16:00,97.2120102986494
2022-04-25 15:18:00,95.1816830110145
2022-04-25 15:20:00,93.3948984934902
2022-04-25 15:22:00,93.6438182007112
2022-04-25 15:24:00,91.1287435298426
2022-04-25 15:26:00,94.8838852877388
2022-04-25 15:28:00,96.2316763095357
2022-04-25 15:30:00,97.8024101508917
2022-04-25 15:32:00,95.6090405176552
2022-04-25 15:34:00,90.1951060885102
2022-04-25 15:36:00,93.7276736707775
2022-04-25 15:38:00,91.752952430207
2022-04-25 15:40:00,92.9006698765688
2022-04-25 15:42:00,90.8057218460308
2022-04-25 15:44:00,96.1671745851787
2022-04-25 15:46:00,94.5036965375143
2022-04-25 15:48:00,92.2316590610133
2022-04-25 15:50:00,93.1008457396486
2022-04-25 15:52:00,93.9643954648659
2022-04-25 15:54:00,94.8931346258546
2022-04-25 15:56:00,94.9860748442574
2022-04-25 15:58:00,95.3856173294972
2022-04-25 16:00:00,92.8536845688963
2022-04-25 16:02:00,96.6173288255553
2022-04-25 16:04:00,90.8687448332118
2022-04-25 16:06:00,93.2012137170967
2022-04-25 16:08:00,96.2168997709904
2022-04-25 16:10:00,92.3072387812293
2022-04-25 16:12:00,93.9444368690661
2022-04-25 16:14:00,94.3936551867574
2022-04-25 16:16:00,98.318327034221
2022-04-25 16:18:00,96.8571253996913
2022-04-25 16:20:00,98.9220162195915
2022-04-25 16:22:00,92.5810736677169
2022-04-25 16:24:00,92.18859450882
2022-04-25 16:26:00,96.2044240668818
2022-04-25 16:28:00,92.9268271282962
2022-04-25 16:30:00,95.6383363955947
2022-04-25 16:32:00,94.0840248983569
2022-04-25 16:34:00,94.7793137089968
2022-04-25 16:36:00,94.0774755891384
2022-04-25 16:38:00,92.1103125357522
2022-04-25 16:40:00,91.9801990754975
2022-04-25 16:42:00,95.3504978515507
2022-04-25 16:44:00,91.3768160242386
2022-04-25 16:46:00,90.7640416278224
2022-04-25 16:48:00,92.9194580257782
2022-04-25 16:50:00,92.3411522178925
2022-04-25 16:52:00,95.6142709898302
2022-04-25 16:54:00,90.3820877880295
2022-04-25 16:56:00,94.7110107152834
2022-04-25 16:58:00,95.4727561306177
2022-04-25 17:00:00,97.2961569951282
2022-04-25 17:02:00,94.7140443611502
2022-04-25 17:04:00,93.7015151301012
2022-04-25 17:06:00,93.6444288958525
2022-04-25 17:08:00,94.5089129088583
2022-04-25 17:10:00,94.0054021294151
2022-04-25 17:12:00,96.1421782745612
2022-04-25 17:14:00,92.4073658369843
2022-04-25 17:16:00,93.3027904843563
2022-04-25 17:18:00,95.9174025565262
2022-04-25 17:20:00,96.1445235368313
2022-04-25 17:22:00,95.6808547597119
2022-04-25 17:24:00,95.2967522407167
2022-04-25 17:26:00,95.9333554787487
2022-04-25 17:28:00,89.2651426677537
2022-04-25 17:30:00,94.8914364420784
2022-04-25 17:32:00,92.3456054986202
2022-04-25 17:34:00,91.2180230834608
2022-04-25 17:36:00,91.3592449726282
2022-04-25 17:38:00,91.1402817964508
2022-04-25 17:40:00,94.3232201610901
2022-04-25 17:42:00,90.6086534145755
2022-04-25 17:44:00,95.8767169369637
2022-04-25 17:46:00,90.9110759322545
2022-04-25 17:48:00,91.6547600963307
2022-04-25 17:50:00,93.7969806708793
2022-04-25 17:52:00,92.7427333155138
2022-04-25 17:54:00,92.7326492350791
2022-04-25 17:56:00,93.4566059386503
2022-04-25 17:58:00,92.667953586123
2022-04-25 18:00:00,94.82356647098
2022-04-25 18:02:00,92.9447577914962
2022-04-25 18:04:00,96.6047452318184
2022-04-25 18:06:00,95.5234997223649
2022-04-25 18:08:00,96.2811082585136
2022-04-25 18:10:00,93.5624691860844
2022-04-25 18:12:00,93.5369906211585
2022-04-25 18:14:00,91.8789131712033
2022-04-25 18:16:00,92.6556795745102
2022-04-25 18:18:00,93.7390111449049
2022-04-25 18:20:00,95.436525460165
2022-04-25 18:22:00,91.5449929732107
2022-04-25 18:24:00,92.8423199272662
2022-04-25 18:26:00,93.0471102655191
2022-04-25 18:28:00,90.7698832243893
2022-04-25 18:30:00,95.4724239388124
2022-04-25 18:32:00,90.8840618376242
2022-04-25 18:34:00,93.4707359541733
2022-04-25 18:36:00,91.990138144057
2022-04-25 18:38:00,91.9316777863622
2022-04-25 18:40:00,92.7028850475433
2022-04-25 18:42:00,91.3247470555302
2022-04-25 18:44:00,93.9966783235688
2022-04-25 18:46:00,92.3563979694492
2022-04-25 18:48:00,96.1051226255485
2022-04-25 18:50:00,90.9895728574769
2022-04-25 18:52:00,90.4831022905613
2022-04-25 18:54:00,95.6235529143761
2022-04-25 18:56:00,97.3439219345581
2022-04-25 18:58:00,94.7983632296015
2022-04-25 19:00:00,94.0713808369535
2022-04-25 19:02:00,95.3704688647278
2022-04-25 19:04:00,99.5245990836937
2022-04-25 19:06:00,97.2387164225107
2022-04-25 19:08:00,95.7449561017498
2022-04-25 19:10:00,95.6766331668604
2022-04-25 19:12:00,95.3234644156871
2022-04-25 19:14:00,97.3209229337924
2022-04-25 19:16:00,92.0568008246868
2022-04-25 19:18:00,95.3153147706691
2022-04-25 19:20:00,91.2621792751509
2022-04-25 19:22:00,95.0435838354196
2022-04-25 19:24:00,93.1639921155968
2022-04-25 19:26:00,94.0554457309995
2022-04-25 19:28:00,94.9686912651061
2022-04-25 19:30:00,95.7258360273883
2022-04-25 19:32:00,99.0730901623129
2022-04-25 19:34:00,97.1877495223239
2022-04-25 19:36:00,93.7633790986726
2022-04-25 19:38:00,96.3595661678349
2022-04-25 19:40:00,98.8889885252556
2022-04-25 19:42:00,95.334588746209
2022-04-25 19:44:00,94.3820678986381
2022-04-25 19:46:00,95.3878547097515
2022-04-25 19:48:00,99.2169728714765
2022-04-25 19:50:00,95.6049879055065
2022-04-25 19:52:00,95.9861768940166
2022-04-25 19:54:00,94.004205425344
2022-04-25 19:56:00,93.8090143235008
2022-04-25 19:58:00,95.5525944586108
2022-04-25 20:00:00,94.4838767248075
2022-04-25 20:02:00,89.0771295137683
2022-04-25 20:04:00,98.6827656505286
2022-04-25 20:06:00,98.7041340069024
2022-04-25 20:08:00,98.4692693679845
2022-04-25 20:10:00,91.2387116597818
2022-04-25 20:12:00,96.1556325163091
2022-04-25 20:14:00,94.8690909531303
2022-04-25 20:16:00,96.5144656381614
2022-04-25 20:18:00,93.8686746490859
2022-04-25 20:20:00,90.8828373288165
2022-04-25 20:22:00,93.5984790466163
2022-04-25 20:24:00,96.4385626163248
2022-04-25 20:26:00,94.8505632626197
2022-04-25 20:28:00,97.2187398881129
2022-04-25 20:30:00,96.1793529541462
2022-04-25 20:32:00,93.4984364687321
2022-04-25 20:34:00,94.9472746213646
2022-04-25 20:36:00,98.8591101151796
2022-04-25 20:38:00,97.7444693592343
2022-04-25 20:40:00,98.9539152512202
2022-04-25 20:42:00,94.0187458510411
2022-04-25 20:44:00,99.43385056338
2022-04-25 20:46:00,97.3567033012961
2022-04-25 20:48:00,97.4387652038132
2022-04-25 20:50:00,97.7497720563333
2022-04-25 20:52:00,97.5026149629767
2022-04-25 20:54:00,96.3193658461213
2022-04-25 20:56:00,97.2377212854285
2022-04-25 20:58:00,96.9198221904484
2022-04-25 21:00:00,97.2739876094901
2022-04-25 21:02:00,98.1217922812923
2022-04-25 21:04:00,100.889500215643
2022-04-25 21:06:00,94.984288160429
2022-04-25 21:08:00,99.3555028857815
2022-04-25 21:10:00,97.15781802026
2022-04-25 21:12:00,99.1082496056243
2022-04-25 21:14:00,99.3921759967023
2022-04-25 21:16:00,99.5534651759077
2022-04-25 21:18:00,98.539982251026
2022-04-25 21:20:00,97.8193830503669
2022-04-25 21:22:00,99.5681157435285
2022-04-25 21:24:00,100.847189323356
2022-04-25 21:26:00,97.7559794499539
2022-04-25 21:28:00,97.0379193717243
2022-04-25 21:30:00,96.0677581755352
2022-04-25 21:32:00,95.4336730251403
2022-04-25 21:34:00,95.2842064962935
2022-04-25 21:36:00,99.3027406002152
2022-04-25 21:38:00,98.3577859297292
2022-04-25 21:40:00,99.565434229728
2022-04-25 21:42:00,98.013237969192
2022-04-25 21:44:00,93.3684053507455
2022-04-25 21:46:00,100.011996589053
2022-04-25 21:48:00,95.6036607734142
2022-04-25 21:50:00,99.5788413332036
2022-04-25 21:52:00,96.2081306105838
2022-04-25 21:54:00,96.964689738323
2022-04-25 21:56:00,96.2360918592417
2022-04-25 21:58:00,98.269087959422
2022-04-25 22:00:00,97.6443970869272
2022-04-25 22:02:00,97.1315236353647
2022-04-25 22:04:00,97.6898955300655
2022-04-25 22:06:00,97.9838383126441
2022-04-25 22:08:00,100.844920218848
2022-04-25 22:10:00,95.1297324938921
2022-04-25 22:12:00,97.9999334103238
2022-04-25 22:14:00,98.2524990030787
2022-04-25 22:16:00,102.653170335547
2022-04-25 22:18:00,98.29169353748
2022-04-25 22:20:00,99.8775579154273
2022-04-25 22:22:00,96.4567453217301
2022-04-25 22:24:00,98.8319617481098
2022-04-25 22:26:00,97.1965850896775
2022-04-25 22:28:00,94.2134651143612
2022-04-25 22:30:00,95.1018133041773
2022-04-25 22:32:00,97.0698545462594
2022-04-25 22:34:00,99.1409874944483
2022-04-25 22:36:00,100.456830645585
2022-04-25 22:38:00,101.367033416114
2022-04-25 22:40:00,95.1772504066486
2022-04-25 22:42:00,95.1424975054663
2022-04-25 22:44:00,97.3061874856872
2022-04-25 22:46:00,98.8643794899072
2022-04-25 22:48:00,100.721751575047
2022-04-25 22:50:00,98.7874189301872
2022-04-25 22:52:00,99.3236544279873
2022-04-25 22:54:00,98.2258438326097
2022-04-25 22:56:00,93.2895721252232
2022-04-25 22:58:00,97.7412461167491
2022-04-25 23:00:00,96.2750435052122
2022-04-25 23:02:00,96.8147507468145
2022-04-25 23:04:00,97.9608947286206
2022-04-25 23:06:00,99.2104382657207
2022-04-25 23:08:00,103.879647478926
2022-04-25 23:10:00,93.7877985354953
2022-04-25 23:12:00,99.8993231510663
2022-04-25 23:14:00,98.3632971594506
2022-04-25 23:16:00,100.439978614066
2022-04-25 23:18:00,98.085825463676
2022-04-25 23:20:00,101.242925450992
2022-04-25 23:22:00,98.7285455524719
2022-04-25 23:24:00,102.160787710754
2022-04-25 23:26:00,97.6078633621027
2022-04-25 23:28:00,99.8619896956792
2022-04-25 23:30:00,96.2459023216972
2022-04-25 23:32:00,100.580843648279
2022-04-25 23:34:00,102.875144611824
2022-04-25 23:36:00,97.8528007359638
2022-04-25 23:38:00,100.524416592516
2022-04-25 23:40:00,95.4681081408913
2022-04-25 23:42:00,101.22109636617
2022-04-25 23:44:00,97.8736696169588
2022-04-25 23:46:00,97.1957961134657
2022-04-25 23:48:00,98.5787520379366
2022-04-25 23:50:00,97.7714726752892
2022-04-25 23:52:00,98.572223147893
2022-04-25 23:54:00,99.6007752718154
2022-04-25 23:56:00,100.55962927643
2022-04-25 23:58:00,100.689548804329
2022-04-26,97.4048546468686
2022-04-26 00:02:00,101.962577042919
2022-04-26 00:04:00,97.0026251488019
2022-04-26 00:06:00,102.015334716607
2022-04-26 00:08:00,99.7628474912627
2022-04-26 00:10:00,98.3594594063178
2022-04-26 00:12:00,96.2227857453601
2022-04-26 00:14:00,100.509855155206
2022-04-26 00:16:00,99.8964053934629
2022-04-26 00:18:00,98.713115597452
2022-04-26 00:20:00,97.3633679498615
2022-04-26 00:22:00,97.6933629462235
2022-04-26 00:24:00,103.953415817295
2022-04-26 00:26:00,93.4457321845977
2022-04-26 00:28:00,97.5303596226469
2022-04-26 00:30:00,99.7567341140183
2022-04-26 00:32:00,101.063365061074
2022-04-26 00:34:00,97.3831432967768
2022-04-26 00:36:00,99.7578133498544
2022-04-26 00:38:00,100.591437326136
2022-04-26 00:40:00,98.5966025172294
2022-04-26 00:42:00,99.6457336442735
2022-04-26 00:44:00,96.8258171081381
2022-04-26 00:46:00,97.4475428100986
2022-04-26 00:48:00,99.6169708847165
2022-04-26 00:50:00,98.24749086783
2022-04-26 00:52:00,99.763237744155
2022-04-26 00:54:00,100.853501221594
2022-04-26 00:56:00,99.2218201330061
2022-04-26 00:58:00,99.7340120528415
2022-04-26 01:00:00,98.1736799972202
2022-04-26 01:02:00,97.7031385123738
2022-04-26 01:04:00,105.750123341646
2022-04-26 01:06:00,99.3907812560311
2022-04-26 01:08:00,102.540212562894
2022-04-26 01:10:00,98.0668629029327
2022-04-26 01:12:00,101.801292177708
2022-04-26 01:14:00,102.31071776925
2022-04-26 01:16:00,99.2758739115234
2022-04-26 01:18:00,99.3343100959061
2022-04-26 01:20:00,101.752496900887
2022-04-26 01:22:00,97.9940375586677
2022-04-26 01:24:00,95.7304923950685
2022-04-26 01:26:00,98.7903502940892
2022-04-26 01:28:00,100.017077410966
2022-04-26 01:30:00,97.895904036407
2022-04-26 01:32:00,95.1251286374083
2022-04-26 01:34:00,98.8127790761348
2022-04-26 01:36:00,95.3875317009295
2022-04-26 01:38:00,100.435268914452
2022-04-26 01:40:00,98.2827007563956
2022-04-26 01:42:00,98.3493329633152
2022-04-26 01:44:00,97.7924984953251
2022-04-26 01:46:00,101.021483082426
2022-04-26 01:48:00,97.1458428938468
2022-04-26 01:50:00,97.9990469576727
2022-04-26 01:52:00,95.4848768853589
2022-04-26 01:54:00,94.0676601062463
2022-04-26 01:56:00,99.7562452041086
2022-04-26 01:58:00,97.5666972731093
2022-04-26 02:00:00,101.336874395846
2022-04-26 02:02:00,101.979034008867
2022-04-26 02:04:00,98.4598627982519
2022-04-26 02:06:00,97.6708684576273
2022-04-26 02:08:00,98.7049459410897
2022-04-26 02:10:00,95.8389590940146
2022-04-26 02:12:00,96.9821696401962
2022-04-26 02:14:00,97.7879041007434
2022-04-26 02:16:00,96.2912900768363
2022-04-26 02:18:00,99.3045836829518
2022-04-26 02:20:00,99.4168648551201
2022-04-26 02:22:00,98.8533951879908
2022-04-26 02:24:00,101.204301841946
2022-04-26 02:26:00,96.185953812471
2022-04-26 02:28:00,100.137180034769
2022-04-26 02:30:00,97.6767903430134
2022-04-26 02:32:00,95.9552000839959
2022-04-26 02:34:00,104.63326544975
2022-04-26 02:36:00,99.3507316846648
2022-04-26 02:38:00,104.325411477863
2022-04-26 02:40:00,98.0880138459546
2022-04-26 02:42:00,97.2976456959533
2022-04-26 02:44:00,93.1495612083078
2022-04-26 02:46:00,97.3810759651655
2022-04-26 02:48:00,98.7179818645216
2022-04-26 02:50:00,98.2758185432537
2022-04-26 02:52:00,97.0674270576483
2022-04-26 02:54:00,101.404206510571
2022-04-26 02:56:00,98.3813204455762
2022-04-26 02:58:00,96.4169832898615
2022-04-26 03:00:00,97.0475303607139
2022-04-26 03:02:00,98.2580155878196
2022-04-26 03:04:00,99.1219715929946
2022-04-26 03:06:00,101.482880044643
2022-04-26 03:08:00,103.035589070246
2022-04-26 03:10:00,98.4281463384891
2022-04-26 03:12:00,97.1931764765624
2022-04-26 03:14:00,98.436819216696
2022-04-26 03:16:00,102.130872758692
2022-04-26 03:18:00,97.471119209665
2022-04-26 03:20:00,97.5648198619124
2022-04-26 03:22:00,94.8056327816027
2022-04-26 03:24:00,99.661080907791
2022-04-26 03:26:00,97.6897164676154
2022-04-26 03:28:00,96.7820020778512
2022-04-26 03:30:00,100.680704108857
2022-04-26 03:32:00,96.4337856745909
2022-04-26 03:34:00,96.8876663396112
2022-04-26 03:36:00,102.165366278071
2022-04-26 03:38:00,100.076895205355
2022-04-26 03:40:00,99.3883774673397
2022-04-26 03:42:00,100.384347179395
2022-04-26 03:44:00,97.9559864973954
2022-04-26 03:46:00,97.3850600991538
2022-04-26 03:48:00,98.7114146175274
2022-04-26 03:50:00,94.8347092890187
2022-04-26 03:52:00,96.0927846989614
2022-04-26 03:54:00,96.0677546325195
2022-04-26 03:56:00,96.2297618563569
2022-04-26 03:58:00,96.0741096658808
2022-04-26 04:00:00,97.3931003023646
2022-04-26 04:02:00,96.2031966726125
2022-04-26 04:04:00,97.9238641730185
2022-04-26 04:06:00,100.602767340969
2022-04-26 04:08:00,98.0307771823717
2022-04-26 04:10:00,100.356932062668
2022-04-26 04:12:00,101.974812419881
2022-04-26 04:14:00,99.2084464312003
2022-04-26 04:16:00,97.073180663592
2022-04-26 04:18:00,98.831102756614
2022-04-26 04:20:00,98.4262751288562
2022-04-26 04:22:00,98.1602386456648
2022-04-26 04:24:00,95.8068792170454
2022-04-26 04:26:00,95.7012172513355
2022-04-26 04:28:00,100.841696177269
2022-04-26 04:30:00,98.2614581028213
2022-04-26 04:32:00,95.3143159727246
2022-04-26 04:34:00,97.3344047608466
2022-04-26 04:36:00,98.4649413505563
2022-04-26 04:38:00,101.259314378479
2022-04-26 04:40:00,97.3996940437497
2022-04-26 04:42:00,98.2463072397947
2022-04-26 04:44:00,96.3002008127927
2022-04-26 04:46:00,100.177024398269
2022-04-26 04:48:00,96.9874943758897
2022-04-26 04:50:00,100.359015845498
2022-04-26 04:52:00,97.6802782704421
2022-04-26 04:54:00,97.4083294248841
2022-04-26 04:56:00,100.097328316514
2022-04-26 04:58:00,101.859527556631
2022-04-26 05:00:00,103.700674251746
2022-04-26 05:02:00,100.964594656342
2022-04-26 05:04:00,95.8913848445281
2022-04-26 05:06:00,98.2917959672774
2022-04-26 05:08:00,101.66920451712
2022-04-26 05:10:00,103.214268983639
2022-04-26 05:12:00,101.921289975769
2022-04-26 05:14:00,98.918721432963
2022-04-26 05:16:00,99.1589539649172
2022-04-26 05:18:00,102.492007205764
2022-04-26 05:20:00,97.8953589042257
2022-04-26 05:22:00,101.056329202917
2022-04-26 05:24:00,101.911401409981
2022-04-26 05:26:00,97.5906184034601
2022-04-26 05:28:00,99.3553740660167
2022-04-26 05:30:00,96.2480239655196
2022-04-26 05:32:00,98.9451502810581
2022-04-26 05:34:00,98.7024902948241
2022-04-26 05:36:00,97.5328265797408
2022-04-26 05:38:00,96.6373717565454
2022-04-26 05:40:00,99.7598314895809
2022-04-26 05:42:00,98.1957361896132
2022-04-26 05:44:00,97.6648120731992
2022-04-26 05:46:00,101.618564888788
2022-04-26 05:48:00,98.8866190156156
2022-04-26 05:50:00,97.7794632585651
2022-04-26 05:52:00,98.5084160980208
2022-04-26 05:54:00,95.190095229659
2022-04-26 05:56:00,97.5942591520788
2022-04-26 05:58:00,96.1272849183017
2022-04-26 06:00:00,97.8660789978639
2022-04-26 06:02:00,101.079580957193
2022-04-26 06:04:00,97.1048801729476
2022-04-26 06:06:00,102.177142694001
2022-04-26 06:08:00,97.3865683735491
2022-04-26 06:10:00,99.2542845724829
2022-04-26 06:12:00,98.2970711297489
2022-04-26 06:14:00,101.636132145953
2022-04-26 06:16:00,102.50429677638
2022-04-26 06:18:00,96.2954480132046
2022-04-26 06:20:00,96.5630187412669
2022-04-26 06:22:00,96.8303687717337
2022-04-26 06:24:00,101.050179930762
2022-04-26 06:26:00,94.3897969066619
2022-04-26 06:28:00,97.605486859274
2022-04-26 06:30:00,100.15591885839
2022-04-26 06:32:00,95.7882711620282
2022-04-26 06:34:00,99.5627764622102
2022-04-26 06:36:00,98.7623131399546
2022-04-26 06:38:00,97.8983783595077
2022-04-26 06:40:00,100.417358483888
2022-04-26 06:42:00,98.0493151864243
2022-04-26 06:44:00,99.0255755414873
2022-04-26 06:46:00,101.738269910497
2022-04-26 06:48:00,101.217316575673
2022-04-26 06:50:00,101.967029279879
2022-04-26 06:52:00,101.964550830961
2022-04-26 06:54:00,98.4915296048061
2022-04-26 06:56:00,100.460621929507
2022-04-26 06:58:00,98.3054410309546
2022-04-26 07:00:00,99.5053898071464
2022-04-26 07:02:00,96.7214111342913
2022-04-26 07:04:00,99.9207405515388
2022-04-26 07:06:00,98.2695716898156
2022-04-26 07:08:00,97.9760156395177
2022-04-26 07:10:00,100.627776172269
2022-04-26 07:12:00,99.2747491691419
2022-04-26 07:14:00,96.485436162481
2022-04-26 07:16:00,95.7256930363608
2022-04-26 07:18:00,100.791875356679
2022-04-26 07:20:00,102.646648362101
2022-04-26 07:22:00,94.8736132710855
2022-04-26 07:24:00,97.8603430079655
2022-04-26 07:26:00,98.8021354172225
2022-04-26 07:28:00,98.3545258659817
2022-04-26 07:30:00,96.6341440062888
2022-04-26 07:32:00,98.5687560409017
2022-04-26 07:34:00,100.609930487694
2022-04-26 07:36:00,100.362081570731
2022-04-26 07:38:00,97.8263939981011
2022-04-26 07:40:00,99.9884071886792
2022-04-26 07:42:00,96.3508798083438
2022-04-26 07:44:00,96.9411233046741
2022-04-26 07:46:00,98.5714498366416
2022-04-26 07:48:00,95.6591640472934
2022-04-26 07:50:00,96.2090444770125
2022-04-26 07:52:00,96.4472875095035
2022-04-26 07:54:00,96.6586756043795
2022-04-26 07:56:00,95.922537586321
2022-04-26 07:58:00,97.013313842977
2022-04-26 08:00:00,98.0897231456838
2022-04-26 08:02:00,96.5745115334634
2022-04-26 08:04:00,98.5527699458614
2022-04-26 08:06:00,97.2530304867052
2022-04-26 08:08:00,95.8822816979336
2022-04-26 08:10:00,98.8038802072642
2022-04-26 08:12:00,99.1102638892165
2022-04-26 08:14:00,100.014729466703
2022-04-26 08:16:00,99.6485072021866
2022-04-26 08:18:00,97.2396369396152
2022-04-26 08:20:00,95.6881308466414
2022-04-26 08:22:00,98.6784648867216
2022-04-26 08:24:00,100.091605401373
2022-04-26 08:26:00,100.110261656782
2022-04-26 08:28:00,99.4989985161541
2022-04-26 08:30:00,96.3708629039086
2022-04-26 08:32:00,99.9041466976629
2022-04-26 08:34:00,101.678967319008
2022-04-26 08:36:00,97.2277539961738
2022-04-26 08:38:00,101.454941632376
2022-04-26 08:40:00,101.834548825419
2022-04-26 08:42:00,96.0598757454477
2022-04-26 08:44:00,96.980942123466
2022-04-26 08:46:00,99.907259070219
2022-04-26 08:48:00,98.0655094513084
2022-04-26 08:50:00,97.4551174921607
2022-04-26 08:52:00,97.309340327694
2022-04-26 08:54:00,98.8414740931651
2022-04-26 08:56:00,95.7139182583148
2022-04-26 08:58:00,97.5564169960889
2022-04-26 09:00:00,98.2657575328567
2022-04-26 09:02:00,96.6226386468581
2022-04-26 09:04:00,99.9283186206034
2022-04-26 09:06:00,96.5744809418836
2022-04-26 09:08:00,94.229118146754
2022-04-26 09:10:00,100.189191717602
2022-04-26 09:12:00,95.6728959009603
2022-04-26 09:14:00,96.9898062647182
2022-04-26 09:16:00,102.485895527238
2022-04-26 09:18:00,96.3259547048059
2022-04-26 09:20:00,96.7867554613175
2022-04-26 09:22:00,99.9231599632411
2022-04-26 09:24:00,98.5770003096673
2022-04-26 09:26:00,99.8236312838197
2022-04-26 09:28:00,98.4895629985256
2022-04-26 09:30:00,98.7958623699944
2022-04-26 09:32:00,96.6112385968861
2022-04-26 09:34:00,100.343169131223
2022-04-26 09:36:00,93.869817386395
2022-04-26 09:38:00,97.6555750724363
2022-04-26 09:40:00,99.5907807951403
2022-04-26 09:42:00,99.549525783449
2022-04-26 09:44:00,100.527526525051
2022-04-26 09:46:00,99.9042738706894
2022-04-26 09:48:00,95.0642047449588
2022-04-26 09:50:00,99.3081658358203
2022-04-26 09:52:00,96.9922820938426
2022-04-26 09:54:00,97.0152170182932
2022-04-26 09:56:00,93.7518214899626
2022-04-26 09:58:00,97.470875954026
2022-04-26 10:00:00,98.8390554877022
2022-04-26 10:02:00,101.005686410081
2022-04-26 10:04:00,98.6412114127291
2022-04-26 10:06:00,99.2079917354921
2022-04-26 10:08:00,101.239416354141
2022-04-26 10:10:00,99.7505773712557
2022-04-26 10:12:00,95.720566550284
2022-04-26 10:14:00,99.57450099174
2022-04-26 10:16:00,100.186566998226
2022-04-26 10:18:00,98.9990830513816
2022-04-26 10:20:00,99.0226864042867
2022-04-26 10:22:00,97.8347499698498
2022-04-26 10:24:00,99.8373449520601
2022-04-26 10:26:00,98.0509972077791
2022-04-26 10:28:00,99.9743841602339
2022-04-26 10:30:00,99.091753866818
2022-04-26 10:32:00,99.0594448126954
2022-04-26 10:34:00,101.344200655869
2022-04-26 10:36:00,98.4268842017153
2022-04-26 10:38:00,99.8133733505695
2022-04-26 10:40:00,98.5617635796873
2022-04-26 10:42:00,94.1110477742667
2022-04-26 10:44:00,99.7530335625701
2022-04-26 10:46:00,97.1299139403743
2022-04-26 10:48:00,102.552623470045
2022-04-26 10:50:00,99.4844158151192
2022-04-26 10:52:00,98.8326176504639
2022-04-26 10:54:00,101.749950753165
2022-04-26 10:56:00,101.829352442123
2022-04-26 10:58:00,98.7321990303392
2022-04-26 11:00:00,101.380531122804
2022-04-26 11:02:00,95.098413268803
2022-04-26 11:04:00,98.5779670149572
2022-04-26 11:06:00,96.1188024590342
2022-04-26 11:08:00,94.9736311005127
2022-04-26 11:10:00,96.7751189905188
2022-04-26 11:12:00,104.234044109678
2022-04-26 11:14:00,98.8736492998902
2022-04-26 11:16:00,98.5666218824447
2022-04-26 11:18:00,99.1813607889985
2022-04-26 11:20:00,97.4911934867123
2022-04-26 11:22:00,98.3298691701835
2022-04-26 11:24:00,99.3400535102745
2022-04-26 11:26:00,98.2031278721098
2022-04-26 11:28:00,96.6177103037173
2022-04-26 11:30:00,92.0642950385725
2022-04-26 11:32:00,97.9720686055782
2022-04-26 11:34:00,94.8014399312906
2022-04-26 11:36:00,97.6772489167117
2022-04-26 11:38:00,96.1764101900232
2022-04-26 11:40:00,96.0965414787832
2022-04-26 11:42:00,97.6835379272765
2022-04-26 11:44:00,97.4982521761415
2022-04-26 11:46:00,96.1341999338297
2022-04-26 11:48:00,99.803303368971
2022-04-26 11:50:00,101.02281167964
2022-04-26 11:52:00,97.4827727494679
2022-04-26 11:54:00,96.8118970573206
2022-04-26 11:56:00,99.4160678332544
2022-04-26 11:58:00,95.3830209679645
2022-04-26 12:00:00,97.2249837407317
2022-04-26 12:02:00,98.46456065071
2022-04-26 12:04:00,93.9919460444029
2022-04-26 12:06:00,98.3323626617702
2022-04-26 12:08:00,93.9444218901513
2022-04-26 12:10:00,97.4542295068657
2022-04-26 12:12:00,96.6084661361674
2022-04-26 12:14:00,94.6121121750778
2022-04-26 12:16:00,96.440222560428
2022-04-26 12:18:00,97.5087406720695
2022-04-26 12:20:00,95.9333216932958
2022-04-26 12:22:00,95.7725849478027
2022-04-26 12:24:00,96.7502650959133
2022-04-26 12:26:00,95.814363775316
2022-04-26 12:28:00,99.2332679760278
2022-04-26 12:30:00,100.742582530105
2022-04-26 12:32:00,98.2408749959797
2022-04-26 12:34:00,99.6899284323034
2022-04-26 12:36:00,99.9729344820165
2022-04-26 12:38:00,98.9622099252635
2022-04-26 12:40:00,97.1572477007643
2022-04-26 12:42:00,96.2405896402951
2022-04-26 12:44:00,100.242615637545
2022-04-26 12:46:00,99.6649143741173
2022-04-26 12:48:00,97.7654983311496
2022-04-26 12:50:00,96.876110736057
2022-04-26 12:52:00,97.4818450798778
2022-04-26 12:54:00,96.7740637686244
2022-04-26 12:56:00,95.2288318455789
2022-04-26 12:58:00,97.1370476396582
2022-04-26 13:00:00,98.803365835146
2022-04-26 13:02:00,98.668179192804
2022-04-26 13:04:00,98.3433569435432
2022-04-26 13:06:00,102.457162768965
2022-04-26 13:08:00,98.3431846332345
2022-04-26 13:10:00,102.530429712695
2022-04-26 13:12:00,104.078872394116
2022-04-26 13:14:00,102.569437695836
2022-04-26 13:16:00,97.4136962560002
2022-04-26 13:18:00,101.900174732173
2022-04-26 13:20:00,99.5513721805127
2022-04-26 13:22:00,100.119722672248
2022-04-26 13:24:00,96.9459772644472
2022-04-26 13:26:00,99.7422510793138
2022-04-26 13:28:00,100.441318348617
2022-04-26 13:30:00,96.6978021531272
2022-04-26 13:32:00,98.2676941940238
2022-04-26 13:34:00,96.8021734266021
2022-04-26 13:36:00,98.5864162561868
2022-04-26 13:38:00,99.5675302536518
2022-04-26 13:40:00,93.1508397336236
2022-04-26 13:42:00,93.0638747071369
2022-04-26 13:44:00,95.6996768052726
2022-04-26 13:46:00,96.8877062250235
2022-04-26 13:48:00,97.9644007367633
2022-04-26 13:50:00,97.3043283536613
2022-04-26 13:52:00,98.2263814767384
2022-04-26 13:54:00,100.602482233186
2022-04-26 13:56:00,97.8930234461773
2022-04-26 13:58:00,93.5056465322222
2022-04-26 14:00:00,94.2247546398851
2022-04-26 14:02:00,97.0728429625642
2022-04-26 14:04:00,95.5897934039931
2022-04-26 14:06:00,97.63652841375
2022-04-26 14:08:00,98.5074508151683
2022-04-26 14:10:00,97.4398790404266
2022-04-26 14:12:00,95.917672186935
2022-04-26 14:14:00,94.3000701384616
2022-04-26 14:16:00,95.5466377064513
2022-04-26 14:18:00,100.936997924679
2022-04-26 14:20:00,95.750198306444
2022-04-26 14:22:00,95.4609635584147
2022-04-26 14:24:00,97.1858504025359
2022-04-26 14:26:00,92.6239200220961
2022-04-26 14:28:00,94.2324077076344
2022-04-26 14:30:00,95.3017213965425
2022-04-26 14:32:00,96.3215220323082
2022-04-26 14:34:00,98.6927674380011
2022-04-26 14:36:00,97.5299947285434
2022-04-26 14:38:00,96.0912016894282
2022-04-26 14:40:00,96.1757968245811
2022-04-26 14:42:00,96.2816344924626
2022-04-26 14:44:00,95.5490799444736
2022-04-26 14:46:00,99.6987041456207
2022-04-26 14:48:00,97.1014037200023
2022-04-26 14:50:00,97.7721100085589
2022-04-26 14:52:00,93.7160870874222
2022-04-26 14:54:00,99.9795582984231
2022-04-26 14:56:00,95.6692049867052
2022-04-26 14:58:00,100.31106218677
2022-04-26 15:00:00,99.4599406827315
2022-04-26 15:02:00,97.8837298189064
2022-04-26 15:04:00,96.8044048855133
2022-04-26 15:06:00,99.4615747522241
2022-04-26 15:08:00,98.6083131095425
2022-04-26 15:10:00,94.2604420954352
2022-04-26 15:12:00,98.560171562998
2022-04-26 15:14:00,99.9701917812245
2022-04-26 15:16:00,95.2708135011596
2022-04-26 15:18:00,98.2830625692343
2022-04-26 15:20:00,98.3391373436252
2022-04-26 15:22:00,100.482736829389
2022-04-26 15:24:00,97.4172133134454
2022-04-26 15:26:00,97.45725778661
2022-04-26 15:28:00,101.163183706555
2022-04-26 15:30:00,96.3640572710179
2022-04-26 15:32:00,96.0866694631848
2022-04-26 15:34:00,100.794455853209
2022-04-26 15:36:00,99.3715037184668
2022-04-26 15:38:00,100.467171121721
2022-04-26 15:40:00,97.8569041945951
2022-04-26 15:42:00,101.008916030774
2022-04-26 15:44:00,97.8073558601581
2022-04-26 15:46:00,101.419953169629
2022-04-26 15:48:00,98.8400036931362
2022-04-26 15:50:00,98.8845040992805
2022-04-26 15:52:00,98.7795784600266
2022-04-26 15:54:00,98.114204016938
2022-04-26 15:56:00,94.687140113855
2022-04-26 15:58:00,100.640602816497
2022-04-26 16:00:00,100.656606421581
2022-04-26 16:02:00,100.771273331629
2022-04-26 16:04:00,97.8664510576528
2022-04-26 16:06:00,98.6724363123468
2022-04-26 16:08:00,95.379207951153
2022-04-26 16:10:00,94.0427803185043
2022-04-26 16:12:00,99.7718865926197
2022-04-26 16:14:00,99.2487013483585
2022-04-26 16:16:00,99.1621782270675
2022-04-26 16:18:00,100.279162413652
2022-04-26 16:20:00,100.455032164804
2022-04-26 16:22:00,98.7377790272808
2022-04-26 16:24:00,99.3629135120022
2022-04-26 16:26:00,98.4536182414492
2022-04-26 16:28:00,101.269672437676
2022-04-26 16:30:00,100.357917722658
2022-04-26 16:32:00,101.55526962788
2022-04-26 16:34:00,98.2458159813763
2022-04-26 16:36:00,97.3039945008779
2022-04-26 16:38:00,99.1225717771297
2022-04-26 16:40:00,96.1374475077352
2022-04-26 16:42:00,101.26756282125
2022-04-26 16:44:00,99.656996525168
2022-04-26 16:46:00,102.08698702628
2022-04-26 16:48:00,97.1484359152473
2022-04-26 16:50:00,97.7481881199137
2022-04-26 16:52:00,101.176664048009
2022-04-26 16:54:00,96.1207725325125
2022-04-26 16:56:00,98.7388049031124
2022-04-26 16:58:00,98.7300191606112
2022-04-26 17:00:00,97.178963677049
2022-04-26 17:02:00,96.9906861263837
2022-04-26 17:04:00,94.2635338012089
2022-04-26 17:06:00,93.210781742207
2022-04-26 17:08:00,98.3548821489156
2022-04-26 17:10:00,97.81775856266
2022-04-26 17:12:00,99.0355077524301
2022-04-26 17:14:00,100.271906461672
2022-04-26 17:16:00,97.5087649232252
2022-04-26 17:18:00,97.956793091764
2022-04-26 17:20:00,96.84954785675
2022-04-26 17:22:00,95.8151857258905
2022-04-26 17:24:00,96.905370710106
2022-04-26 17:26:00,95.0315714533279
2022-04-26 17:28:00,96.4459284116754
2022-04-26 17:30:00,99.3417618729795
2022-04-26 17:32:00,97.069287384924
2022-04-26 17:34:00,99.2166324414113
2022-04-26 17:36:00,98.0710216777323
2022-04-26 17:38:00,96.2838969810694
2022-04-26 17:40:00,97.353639287148
2022-04-26 17:42:00,98.9446154986765
2022-04-26 17:44:00,94.0480487169152
2022-04-26 17:46:00,101.51175633218
2022-04-26 17:48:00,97.8632094911724
2022-04-26 17:50:00,101.665527485562
2022-04-26 17:52:00,96.241880830789
2022-04-26 17:54:00,99.055850747775
2022-04-26 17:56:00,97.3854006001787
2022-04-26 17:58:00,102.457780186803
2022-04-26 18:00:00,99.0373379630236
2022-04-26 18:02:00,97.582177103238
2022-04-26 18:04:00,96.263556392824
2022-04-26 18:06:00,97.951197101925
2022-04-26 18:08:00,99.5901749507662
2022-04-26 18:10:00,100.329343133744
2022-04-26 18:12:00,97.2356215218321
2022-04-26 18:14:00,98.7547877328373
2022-04-26 18:16:00,99.6464355653314
2022-04-26 18:18:00,98.9802269826605
2022-04-26 18:20:00,96.7848293792385
2022-04-26 18:22:00,100.49610890121
2022-04-26 18:24:00,97.731580684281
2022-04-26 18:26:00,100.991515021558
2022-04-26 18:28:00,100.166744786141
2022-04-26 18:30:00,98.8895996606234
2022-04-26 18:32:00,94.6957945561795
2022-04-26 18:34:00,96.7132915510696
2022-04-26 18:36:00,95.6371712035284
2022-04-26 18:38:00,97.9942750397184
2022-04-26 18:40:00,99.4174756481621
2022-04-26 18:42:00,98.4189768818155
2022-04-26 18:44:00,99.251077193526
2022-04-26 18:46:00,97.3454472369808
2022-04-26 18:48:00,98.2196520080866
2022-04-26 18:50:00,97.0748109184239
2022-04-26 18:52:00,99.5902603063357
2022-04-26 18:54:00,99.489299030193
2022-04-26 18:56:00,98.0104111281278
2022-04-26 18:58:00,96.3440191995887
2022-04-26 19:00:00,96.5518883498262
2022-04-26 19:02:00,97.1705704722779
2022-04-26 19:04:00,97.6952587220033
2022-04-26 19:06:00,97.3017136128173
2022-04-26 19:08:00,97.3083331560854
2022-04-26 19:10:00,97.6222349365115
2022-04-26 19:12:00,98.8153631641474
2022-04-26 19:14:00,98.9871340721995
2022-04-26 19:16:00,97.724779010319
2022-04-26 19:18:00,97.9639892772623
2022-04-26 19:20:00,99.5211271395528
2022-04-26 19:22:00,94.9395823088134
2022-04-26 19:24:00,101.517455835136
2022-04-26 19:26:00,101.904631650981
2022-04-26 19:28:00,100.224556648362
2022-04-26 19:30:00,99.0949399065134
2022-04-26 19:32:00,95.8525189228095
2022-04-26 19:34:00,97.8997942282936
2022-04-26 19:36:00,103.221540444719
2022-04-26 19:38:00,98.580736375728
2022-04-26 19:40:00,102.629802437892
2022-04-26 19:42:00,98.3622173765397
2022-04-26 19:44:00,100.237916524884
2022-04-26 19:46:00,100.618925601837
2022-04-26 19:48:00,102.000344398532
2022-04-26 19:50:00,103.06454334766
2022-04-26 19:52:00,99.4271592918413
2022-04-26 19:54:00,97.2857683020081
2022-04-26 19:56:00,100.092853298608
2022-04-26 19:58:00,99.4260840584286
2022-04-26 20:00:00,97.727109572122
2022-04-26 20:02:00,98.4459696414713
2022-04-26 20:04:00,98.1218938926259
2022-04-26 20:06:00,102.804550522607
2022-04-26 20:08:00,100.286091244991
2022-04-26 20:10:00,102.798812739002
2022-04-26 20:12:00,100.927284775703
2022-04-26 20:14:00,100.000753363722
2022-04-26 20:16:00,99.510543062172
2022-04-26 20:18:00,100.68254786034
2022-04-26 20:20:00,99.596598011231
2022-04-26 20:22:00,100.086962604364
2022-04-26 20:24:00,102.623450976312
2022-04-26 20:26:00,98.0712375601776
2022-04-26 20:28:00,101.488628176425
2022-04-26 20:30:00,101.146249766206
2022-04-26 20:32:00,97.7730259998426
2022-04-26 20:34:00,94.8563857307476
2022-04-26 20:36:00,99.4753122926083
2022-04-26 20:38:00,101.593369173852
2022-04-26 20:40:00,97.526144373638
2022-04-26 20:42:00,101.517840279976
2022-04-26 20:44:00,101.126763579913
2022-04-26 20:46:00,98.2500849843634
2022-04-26 20:48:00,101.311332768749
2022-04-26 20:50:00,100.576945280958
2022-04-26 20:52:00,96.9409364287448
2022-04-26 20:54:00,100.467139705454
2022-04-26 20:56:00,100.394462719523
2022-04-26 20:58:00,99.8474121238697
2022-04-26 21:00:00,100.287803344012
2022-04-26 21:02:00,101.007174862923
2022-04-26 21:04:00,100.325756864783
2022-04-26 21:06:00,97.2835899652233
2022-04-26 21:08:00,103.839765990387
2022-04-26 21:10:00,102.713275823372
2022-04-26 21:12:00,98.5304662093414
2022-04-26 21:14:00,98.8732847959944
2022-04-26 21:16:00,99.7488242817877
2022-04-26 21:18:00,98.5294150265702
2022-04-26 21:20:00,102.138757759846
2022-04-26 21:22:00,102.05474734051
2022-04-26 21:24:00,103.181317682598
2022-04-26 21:26:00,96.1583393663751
2022-04-26 21:28:00,96.2990611787503
2022-04-26 21:30:00,98.1557093521745
2022-04-26 21:32:00,98.9203129582769
2022-04-26 21:34:00,100.800876174138
2022-04-26 21:36:00,97.9196643577356
2022-04-26 21:38:00,99.717172681679
2022-04-26 21:40:00,98.4530391357553
2022-04-26 21:42:00,102.388206159375
2022-04-26 21:44:00,99.2866015620447
2022-04-26 21:46:00,101.084828686793
2022-04-26 21:48:00,100.565760894515
2022-04-26 21:50:00,100.559037237361
2022-04-26 21:52:00,103.846202844118
2022-04-26 21:54:00,97.5795840479039
2022-04-26 21:56:00,101.088015311688
2022-04-26 21:58:00,99.2743597596805
2022-04-26 22:00:00,101.376148484345
2022-04-26 22:02:00,100.820960484347
2022-04-26 22:04:00,97.4496024827841
2022-04-26 22:06:00,98.8950452409892
2022-04-26 22:08:00,95.4923337188274
2022-04-26 22:10:00,102.109426047983
2022-04-26 22:12:00,96.5674430869897
2022-04-26 22:14:00,100.042962730235
2022-04-26 22:16:00,98.0791137225098
2022-04-26 22:18:00,100.61937276401
2022-04-26 22:20:00,98.4362971214475
2022-04-26 22:22:00,101.204819316928
2022-04-26 22:24:00,97.2320389950784
2022-04-26 22:26:00,99.4535690102494
2022-04-26 22:28:00,96.9956054281567
2022-04-26 22:30:00,99.8821210990757
2022-04-26 22:32:00,100.947112546942
2022-04-26 22:34:00,99.6500731610067
2022-04-26 22:36:00,96.2850415802711
2022-04-26 22:38:00,99.0157474741738
2022-04-26 22:40:00,99.1763066516441
2022-04-26 22:42:00,97.9537703692097
2022-04-26 22:44:00,99.0039219742781
2022-04-26 22:46:00,99.0640756964474
2022-04-26 22:48:00,97.8760839703095
2022-04-26 22:50:00,98.6996370995055
2022-04-26 22:52:00,95.1939826203352
2022-04-26 22:54:00,97.3958857717507
2022-04-26 22:56:00,94.6386744126612
2022-04-26 22:58:00,97.1906158056057
2022-04-26 23:00:00,97.6012545219588
2022-04-26 23:02:00,99.3233865156067
2022-04-26 23:04:00,95.4749225308582
2022-04-26 23:06:00,98.6690005107653
2022-04-26 23:08:00,100.156560961312
2022-04-26 23:10:00,98.1362897106514
2022-04-26 23:12:00,93.187774655468
2022-04-26 23:14:00,98.0361705422806
2022-04-26 23:16:00,98.1608509420449
2022-04-26 23:18:00,95.8505031480457
2022-04-26 23:20:00,94.4376353381583
2022-04-26 23:22:00,100.655046508598
2022-04-26 23:24:00,97.101545379837
2022-04-26 23:26:00,98.2787521490749
2022-04-26 23:28:00,98.2132737856931
2022-04-26 23:30:00,98.3085509992918
2022-04-26 23:32:00,101.674320470513
2022-04-26 23:34:00,99.3073164076921
2022-04-26 23:36:00,97.2404691699252
2022-04-26 23:38:00,97.1584542963117
2022-04-26 23:40:00,99.1442977768083
2022-04-26 23:42:00,98.3352267403631
2022-04-26 23:44:00,100.277695576029
2022-04-26 23:46:00,95.5144567555784
2022-04-26 23:48:00,99.3709649359806
2022-04-26 23:50:00,100.22305398726
2022-04-26 23:52:00,97.7240463036827
2022-04-26 23:54:00,96.7277393426025
2022-04-26 23:56:00,98.8928324891819
2022-04-26 23:58:00,101.656711870302
2022-04-27,97.7936168078326
2022-04-27 00:02:00,98.1160231973996
2022-04-27 00:04:00,96.8580305135874
2022-04-27 00:06:00,98.6342769060876
2022-04-27 00:08:00,98.2314073808145
2022-04-27 00:10:00,102.00545846123
2022-04-27 00:12:00,99.1396546505233
2022-04-27 00:14:00,99.8844262352979
2022-04-27 00:16:00,95.0002828976777
2022-04-27 00:18:00,98.7808951733167
2022-04-27 00:20:00,97.8318433748722
2022-04-27 00:22:00,96.5929682291569
2022-04-27 00:24:00,96.9315109945823
2022-04-27 00:26:00,101.012373756024
2022-04-27 00:28:00,102.152379179963
2022-04-27 00:30:00,98.4715825287003
2022-04-27 00:32:00,98.4726147808093
2022-04-27 00:34:00,98.2056046849294
2022-04-27 00:36:00,97.8149826406058
2022-04-27 00:38:00,98.8174447928928
2022-04-27 00:40:00,98.2434791411236
2022-04-27 00:42:00,98.0646922783924
2022-04-27 00:44:00,101.156333044262
2022-04-27 00:46:00,99.9129083284482
2022-04-27 00:48:00,101.613632782812
2022-04-27 00:50:00,99.2183537319459
2022-04-27 00:52:00,98.3185195665296
2022-04-27 00:54:00,99.2123780561786
2022-04-27 00:56:00,96.8931150626557
2022-04-27 00:58:00,96.8905192208076
2022-04-27 01:00:00,97.9812153292372
2022-04-27 01:02:00,98.6768096146499
2022-04-27 01:04:00,98.0923013459675
2022-04-27 01:06:00,94.6667357872375
2022-04-27 01:08:00,98.7068043115083
2022-04-27 01:10:00,97.2106866065449
2022-04-27 01:12:00,99.2044804531005
2022-04-27 01:14:00,97.4230190302742
2022-04-27 01:16:00,96.5491687895634
2022-04-27 01:18:00,98.6090222864473
2022-04-27 01:20:00,97.8732367418814
2022-04-27 01:22:00,95.9361025193039
2022-04-27 01:24:00,95.5853786472788
2022-04-27 01:26:00,97.5782816854726
2022-04-27 01:28:00,95.8450038600799
2022-04-27 01:30:00,96.1850515667158
2022-04-27 01:32:00,99.8073991381708
2022-04-27 01:34:00,97.2793411099301
2022-04-27 01:36:00,96.0427471171058
2022-04-27 01:38:00,96.1219821273307
2022-04-27 01:40:00,96.232814770611
2022-04-27 01:42:00,92.4880953764175
2022-04-27 01:44:00,98.6981736217849
2022-04-27 01:46:00,96.7987677933595
2022-04-27 01:48:00,97.9042670419148
2022-04-27 01:50:00,98.0373255794038
2022-04-27 01:52:00,95.0631122816728
2022-04-27 01:54:00,97.6963803495814
2022-04-27 01:56:00,97.9689185121857
2022-04-27 01:58:00,100.467880957561
2022-04-27 02:00:00,97.4232551587515
2022-04-27 02:02:00,96.8181714196585
2022-04-27 02:04:00,97.3862790652127
2022-04-27 02:06:00,95.5248454359366
2022-04-27 02:08:00,96.8832087957024
2022-04-27 02:10:00,96.4877890929069
2022-04-27 02:12:00,99.8497060432781
2022-04-27 02:14:00,94.5493042071586
2022-04-27 02:16:00,100.356357744698
2022-04-27 02:18:00,100.768866408909
2022-04-27 02:20:00,97.448726605591
2022-04-27 02:22:00,94.5490808385631
2022-04-27 02:24:00,96.1994858924682
2022-04-27 02:26:00,97.2404993811982
2022-04-27 02:28:00,97.2213015700396
2022-04-27 02:30:00,98.1308687755867
2022-04-27 02:32:00,99.6490412339402
2022-04-27 02:34:00,96.0720259312679
2022-04-27 02:36:00,97.3765005127131
2022-04-27 02:38:00,98.2451741124325
2022-04-27 02:40:00,96.499486843872
2022-04-27 02:42:00,101.450666301789
2022-04-27 02:44:00,95.6255770344876
2022-04-27 02:46:00,97.8802912563935
2022-04-27 02:48:00,99.0212707611775
2022-04-27 02:50:00,95.5800891878937
2022-04-27 02:52:00,96.1017222569578
2022-04-27 02:54:00,99.5530329707777
2022-04-27 02:56:00,98.0360448295222
2022-04-27 02:58:00,102.868075294488
2022-04-27 03:00:00,94.2344972969278
2022-04-27 03:02:00,96.4540005426252
2022-04-27 03:04:00,97.2199943618989
2022-04-27 03:06:00,99.0430403923652
2022-04-27 03:08:00,99.970907688787
2022-04-27 03:10:00,100.947986818532
2022-04-27 03:12:00,101.893567551552
2022-04-27 03:14:00,95.1069501804423
2022-04-27 03:16:00,100.795732095313
2022-04-27 03:18:00,100.300560472302
2022-04-27 03:20:00,92.1353244146158
2022-04-27 03:22:00,98.5540902054932
2022-04-27 03:24:00,96.697478203594
2022-04-27 03:26:00,97.4651197154293
2022-04-27 03:28:00,99.2099111928834
2022-04-27 03:30:00,98.535212142851
2022-04-27 03:32:00,99.6197443191875
2022-04-27 03:34:00,97.7204147744626
2022-04-27 03:36:00,104.461504712917
2022-04-27 03:38:00,97.2759480586358
2022-04-27 03:40:00,101.325159935317
2022-04-27 03:42:00,96.6083613933834
2022-04-27 03:44:00,100.129574811442
2022-04-27 03:46:00,101.974485258103
2022-04-27 03:48:00,98.7814812030453
2022-04-27 03:50:00,97.1932322547636
2022-04-27 03:52:00,96.7195183856752
2022-04-27 03:54:00,93.4317334968167
2022-04-27 03:56:00,98.4958015998493
2022-04-27 03:58:00,100.339016814868
2022-04-27 04:00:00,99.4991803191336
2022-04-27 04:02:00,98.0152202483558
2022-04-27 04:04:00,100.3814244108
2022-04-27 04:06:00,100.830987830771
2022-04-27 04:08:00,97.8343839254975
2022-04-27 04:10:00,99.3924931986348
2022-04-27 04:12:00,99.3084310071275
2022-04-27 04:14:00,96.9227448716125
2022-04-27 04:16:00,98.7380375767674
2022-04-27 04:18:00,98.3399520177395
2022-04-27 04:20:00,97.0247784927346
2022-04-27 04:22:00,92.9834090189889
2022-04-27 04:24:00,96.8863448516886
2022-04-27 04:26:00,94.4134377148513
2022-04-27 04:28:00,99.5916342209038
2022-04-27 04:30:00,97.3744514686167
2022-04-27 04:32:00,96.6723005930559
2022-04-27 04:34:00,98.5414243921986
2022-04-27 04:36:00,100.400485897315
2022-04-27 04:38:00,96.0885448093951
2022-04-27 04:40:00,95.745428461355
2022-04-27 04:42:00,99.5110653478454
2022-04-27 04:44:00,97.1080398112006
2022-04-27 04:46:00,98.3921453056355
2022-04-27 04:48:00,98.1699349091486
2022-04-27 04:50:00,98.4730735168599
2022-04-27 04:52:00,100.535437870952
2022-04-27 04:54:00,99.8115720679836
2022-04-27 04:56:00,98.3148239743522
2022-04-27 04:58:00,102.453332810654
2022-04-27 05:00:00,97.8585753357446
2022-04-27 05:02:00,97.5936672470268
2022-04-27 05:04:00,98.6075006579344
2022-04-27 05:06:00,97.7200121516777
2022-04-27 05:08:00,97.3041789278203
2022-04-27 05:10:00,99.9939305467973
2022-04-27 05:12:00,97.7642753361324
2022-04-27 05:14:00,99.6903322439591
2022-04-27 05:16:00,100.565107457971
2022-04-27 05:18:00,99.2650687456033
2022-04-27 05:20:00,99.5539811708133
2022-04-27 05:22:00,98.4658567593976
2022-04-27 05:24:00,101.497657725309
2022-04-27 05:26:00,97.8409060282293
2022-04-27 05:28:00,102.25331079615
2022-04-27 05:30:00,98.4556078029362
2022-04-27 05:32:00,98.3317625701305
2022-04-27 05:34:00,98.867387336313
2022-04-27 05:36:00,98.7280361389145
2022-04-27 05:38:00,98.2136316094848
2022-04-27 05:40:00,98.3481136841293
2022-04-27 05:42:00,98.3563066796006
2022-04-27 05:44:00,97.3275173549441
2022-04-27 05:46:00,101.584714098085
2022-04-27 05:48:00,98.78727158268
2022-04-27 05:50:00,94.3257635382539
2022-04-27 05:52:00,98.9596067546775
2022-04-27 05:54:00,95.6801874548088
2022-04-27 05:56:00,100.618675655496
2022-04-27 05:58:00,96.7489174276957
2022-04-27 06:00:00,98.4938665590107
2022-04-27 06:02:00,98.1192913507881
2022-04-27 06:04:00,98.2249444003443
2022-04-27 06:06:00,100.07763563509
2022-04-27 06:08:00,100.629191873242
2022-04-27 06:10:00,97.3159398547183
2022-04-27 06:12:00,97.3708537376569
2022-04-27 06:14:00,100.217086684593
2022-04-27 06:16:00,97.8480043275675
2022-04-27 06:18:00,99.7628547735557
2022-04-27 06:20:00,98.3610397436512
2022-04-27 06:22:00,102.543141800707
2022-04-27 06:24:00,99.7782209607586
2022-04-27 06:26:00,99.8592668584305
2022-04-27 06:28:00,99.7108017692703
2022-04-27 06:30:00,98.4500364846898
2022-04-27 06:32:00,99.648786948706
2022-04-27 06:34:00,99.5060926847586
2022-04-27 06:36:00,92.5013722861693
2022-04-27 06:38:00,98.9649108013666
2022-04-27 06:40:00,103.957441455703
2022-04-27 06:42:00,97.9339025966992
2022-04-27 06:44:00,98.8895858327029
2022-04-27 06:46:00,99.2176250717689
2022-04-27 06:48:00,97.4655548687912
2022-04-27 06:50:00,96.2179981566951
2022-04-27 06:52:00,96.5534285217495
2022-04-27 06:54:00,96.1300692377694
2022-04-27 06:56:00,98.8201550834918
2022-04-27 06:58:00,99.4637857182662
2022-04-27 07:00:00,97.5783959445259
2022-04-27 07:02:00,100.178751830544
2022-04-27 07:04:00,96.7104647969065
2022-04-27 07:06:00,96.9883501117211
2022-04-27 07:08:00,93.2674773886362
2022-04-27 07:10:00,96.8518100191373
2022-04-27 07:12:00,97.5855800664232
2022-04-27 07:14:00,95.3049113342042
2022-04-27 07:16:00,102.611773141957
2022-04-27 07:18:00,97.7788436713193
2022-04-27 07:20:00,95.5688536114128
2022-04-27 07:22:00,97.6503241885699
2022-04-27 07:24:00,97.574908566866
2022-04-27 07:26:00,97.3529018349841
2022-04-27 07:28:00,96.9064780324311
2022-04-27 07:30:00,97.0073866722533
2022-04-27 07:32:00,98.5823332568839
2022-04-27 07:34:00,97.745542788679
2022-04-27 07:36:00,97.8174189894943
2022-04-27 07:38:00,92.8793668558875
2022-04-27 07:40:00,97.5009417582927
2022-04-27 07:42:00,94.7739894103034
2022-04-27 07:44:00,96.5803016648915
2022-04-27 07:46:00,97.2536006618415
2022-04-27 07:48:00,96.076184465098
2022-04-27 07:50:00,97.4536831692045
2022-04-27 07:52:00,97.8062655478734
2022-04-27 07:54:00,96.1586546316901
2022-04-27 07:56:00,97.3474008530011
2022-04-27 07:58:00,96.2409008246266
2022-04-27 08:00:00,96.6894310631091
2022-04-27 08:02:00,96.8934649917946
2022-04-27 08:04:00,96.5487761113743
2022-04-27 08:06:00,98.119697493034
2022-04-27 08:08:00,98.1571161547605
2022-04-27 08:10:00,97.4139659820734
2022-04-27 08:12:00,96.3402374373782
2022-04-27 08:14:00,97.583207557693
2022-04-27 08:16:00,98.4995791364219
2022-04-27 08:18:00,102.677463923739
2022-04-27 08:20:00,100.393132140834
2022-04-27 08:22:00,98.8169577675857
2022-04-27 08:24:00,97.6481999900883
2022-04-27 08:26:00,101.266266044127
2022-04-27 08:28:00,97.5903167501297
2022-04-27 08:30:00,98.2794023431175
2022-04-27 08:32:00,95.126759123695
2022-04-27 08:34:00,101.895232617937
2022-04-27 08:36:00,98.6282729177694
2022-04-27 08:38:00,99.0315161565737
2022-04-27 08:40:00,97.9096734755252
2022-04-27 08:42:00,95.9322316938738
2022-04-27 08:44:00,95.7713948547503
2022-04-27 08:46:00,99.5058431394928
2022-04-27 08:48:00,95.8838305572302
2022-04-27 08:50:00,97.6720912288468
2022-04-27 08:52:00,99.5556530593777
2022-04-27 08:54:00,96.4771453407206
2022-04-27 08:56:00,99.8758930981961
2022-04-27 08:58:00,99.5315697387153
2022-04-27 09:00:00,95.1725805450349
2022-04-27 09:02:00,96.5566862647506
2022-04-27 09:04:00,101.14781229525
2022-04-27 09:06:00,93.4364390495256
2022-04-27 09:08:00,96.5306727161624
2022-04-27 09:10:00,95.8658469977169
2022-04-27 09:12:00,98.1636353549589
2022-04-27 09:14:00,96.6497735107992
2022-04-27 09:16:00,95.8775541090546
2022-04-27 09:18:00,99.1875764698146
2022-04-27 09:20:00,97.1314280587508
2022-04-27 09:22:00,96.8556007686681
2022-04-27 09:24:00,96.1970541451112
2022-04-27 09:26:00,94.6034243354618
2022-04-27 09:28:00,97.9236991525208
2022-04-27 09:30:00,99.3069645064813
2022-04-27 09:32:00,96.7344882102064
2022-04-27 09:34:00,100.19069225675
2022-04-27 09:36:00,101.00708384035
2022-04-27 09:38:00,97.142875209186
2022-04-27 09:40:00,101.721313159845
2022-04-27 09:42:00,103.117865192479
2022-04-27 09:44:00,97.9971791819354
2022-04-27 09:46:00,100.912129595253
2022-04-27 09:48:00,100.321921879202
2022-04-27 09:50:00,99.860536971265
2022-04-27 09:52:00,97.1391893144399
2022-04-27 09:54:00,97.8369906243452
2022-04-27 09:56:00,100.317301452434
2022-04-27 09:58:00,96.372286173659
2022-04-27 10:00:00,101.545809477825
2022-04-27 10:02:00,102.120553508195
2022-04-27 10:04:00,105.002293082905
2022-04-27 10:06:00,105.091406134774
2022-04-27 10:08:00,105.487529407941
2022-04-27 10:10:00,103.796067277765
2022-04-27 10:12:00,106.164721196742
2022-04-27 10:14:00,104.458627449993
2022-04-27 10:16:00,105.197417002906
2022-04-27 10:18:00,104.93977671267
2022-04-27 10:20:00,105.879577173933
2022-04-27 10:22:00,105.72618412938
2022-04-27 10:24:00,102.536749285281
2022-04-27 10:26:00,103.975873618149
2022-04-27 10:28:00,99.8642125016353
2022-04-27 10:30:00,99.8788284163123
2022-04-27 10:32:00,104.945443363737
2022-04-27 10:34:00,101.154910781593
2022-04-27 10:36:00,99.214858096224
2022-04-27 10:38:00,102.9881141989
2022-04-27 10:40:00,100.361110010803
2022-04-27 10:42:00,103.676655881166
2022-04-27 10:44:00,101.271323756491
2022-04-27 10:46:00,95.4741575331938
2022-04-27 10:48:00,101.449338936952
2022-04-27 10:50:00,103.722961334838
2022-04-27 10:52:00,102.309551408641
2022-04-27 10:54:00,101.151623253398
2022-04-27 10:56:00,105.748630353661
2022-04-27 10:58:00,108.692944153329
2022-04-27 11:00:00,96.7082774660932
2022-04-27 11:02:00,103.169513380682
2022-04-27 11:04:00,101.042190743735
2022-04-27 11:06:00,101.533011775466
2022-04-27 11:08:00,100.686568791605
2022-04-27 11:10:00,101.147385335199
2022-04-27 11:12:00,98.0868703083463
2022-04-27 11:14:00,97.4692394105818
2022-04-27 11:16:00,98.1504310024034
2022-04-27 11:18:00,100.20916912822
2022-04-27 11:20:00,93.5566395876769
2022-04-27 11:22:00,97.894102750964
2022-04-27 11:24:00,99.1005717587057
2022-04-27 11:26:00,96.891209542918
2022-04-27 11:28:00,102.377493064373
2022-04-27 11:30:00,98.2884748473028
2022-04-27 11:32:00,96.1956660417205
2022-04-27 11:34:00,99.7009173023487
2022-04-27 11:36:00,99.9924626125058
2022-04-27 11:38:00,95.3935043160737
2022-04-27 11:40:00,92.4565496798374
2022-04-27 11:42:00,95.2796846475486
2022-04-27 11:44:00,97.0911197771617
2022-04-27 11:46:00,94.8201491923381
2022-04-27 11:48:00,94.1615378990921
2022-04-27 11:50:00,96.198433670886
2022-04-27 11:52:00,99.7347300988138
2022-04-27 11:54:00,99.6656505821589
2022-04-27 11:56:00,96.3201877821255
2022-04-27 11:58:00,92.864984566459
2022-04-27 12:00:00,93.6668496444154
2022-04-27 12:02:00,96.991821468267
2022-04-27 12:04:00,95.1718976547408
2022-04-27 12:06:00,96.1241248020345
2022-04-27 12:08:00,95.1597114961748
2022-04-27 12:10:00,95.6908590933479
2022-04-27 12:12:00,97.8427068359969
2022-04-27 12:14:00,96.9892071268078
2022-04-27 12:16:00,96.5089434134433
2022-04-27 12:18:00,96.5569055239992
2022-04-27 12:20:00,97.8652735251009
2022-04-27 12:22:00,101.55889794358
2022-04-27 12:24:00,94.7595491362733
2022-04-27 12:26:00,97.1287893838562
2022-04-27 12:28:00,94.2684531394272
2022-04-27 12:30:00,96.9676181858721
2022-04-27 12:32:00,91.0999711570173
2022-04-27 12:34:00,94.8560215219594
2022-04-27 12:36:00,97.2480755240111
2022-04-27 12:38:00,96.6312983322
2022-04-27 12:40:00,93.4858020849188
2022-04-27 12:42:00,95.3069143162755
2022-04-27 12:44:00,94.4954705021654
2022-04-27 12:46:00,91.5503388524402
2022-04-27 12:48:00,94.1074945918166
2022-04-27 12:50:00,92.8913570870152
2022-04-27 12:52:00,98.3866783925676
2022-04-27 12:54:00,95.1820214405316
2022-04-27 12:56:00,94.2998898540971
2022-04-27 12:58:00,91.7987872428786
2022-04-27 13:00:00,96.4062793596518
2022-04-27 13:02:00,95.2076120559146
2022-04-27 13:04:00,95.7856449778148
2022-04-27 13:06:00,96.0094941698027
2022-04-27 13:08:00,95.4254321952338
2022-04-27 13:10:00,97.0206312320482
2022-04-27 13:12:00,95.5419977075888
2022-04-27 13:14:00,94.5429056267932
2022-04-27 13:16:00,97.6682620161269
2022-04-27 13:18:00,94.270733440748
2022-04-27 13:20:00,92.7475129847434
2022-04-27 13:22:00,96.2593222854685
2022-04-27 13:24:00,98.9281099778139
2022-04-27 13:26:00,94.3362300917015
2022-04-27 13:28:00,96.983885201044
2022-04-27 13:30:00,95.9707160339919
2022-04-27 13:32:00,94.7449593513319
2022-04-27 13:34:00,95.6485970793086
2022-04-27 13:36:00,97.3612972716176
2022-04-27 13:38:00,97.9495262075807
2022-04-27 13:40:00,96.9645934499043
2022-04-27 13:42:00,94.6123166152456
2022-04-27 13:44:00,98.1423725383395
2022-04-27 13:46:00,97.1302075274888
2022-04-27 13:48:00,93.5410990658621
2022-04-27 13:50:00,101.628143874175
2022-04-27 13:52:00,98.9743448504533
2022-04-27 13:54:00,97.6134070173233
2022-04-27 13:56:00,100.098170921262
2022-04-27 13:58:00,98.8592609527648
2022-04-27 14:00:00,94.6648431823659
2022-04-27 14:02:00,96.7503649102539
2022-04-27 14:04:00,96.9347105640101
2022-04-27 14:06:00,94.4460003022398
2022-04-27 14:08:00,97.8103823760252
2022-04-27 14:10:00,97.4084550894939
2022-04-27 14:12:00,97.4908413994673
2022-04-27 14:14:00,98.176419030081
2022-04-27 14:16:00,96.7454721333738
2022-04-27 14:18:00,98.7138998419527
2022-04-27 14:20:00,99.7924459773837
2022-04-27 14:22:00,97.8994675151482
2022-04-27 14:24:00,99.930899151624
2022-04-27 14:26:00,93.343700967965
2022-04-27 14:28:00,98.3210899022976
2022-04-27 14:30:00,93.4882271860148
2022-04-27 14:32:00,95.1588343051757
2022-04-27 14:34:00,104.136276083137
2022-04-27 14:36:00,104.447915116522
2022-04-27 14:38:00,102.127394843314
2022-04-27 14:40:00,103.399406151529
2022-04-27 14:42:00,100.083431151284
2022-04-27 14:44:00,102.853085068109
2022-04-27 14:46:00,102.877164676437
2022-04-27 14:48:00,100.196992630721
2022-04-27 14:50:00,100.569479045895
2022-04-27 14:52:00,101.2899485437
2022-04-27 14:54:00,99.7297570222838
2022-04-27 14:56:00,105.644737702279
2022-04-27 14:58:00,101.617513440918
2022-04-27 15:00:00,97.882746241061
2022-04-27 15:02:00,94.8836347577248
2022-04-27 15:04:00,96.0848698807634
2022-04-27 15:06:00,96.9056113190228
2022-04-27 15:08:00,95.3364963621997
2022-04-27 15:10:00,96.9832992115866
2022-04-27 15:12:00,96.2657702173713
2022-04-27 15:14:00,93.7509318806704
2022-04-27 15:16:00,97.9447507839238
2022-04-27 15:18:00,98.0218475161577
2022-04-27 15:20:00,94.571713962304
2022-04-27 15:22:00,98.8223192697955
2022-04-27 15:24:00,100.718456425808
2022-04-27 15:26:00,96.9313006621134
2022-04-27 15:28:00,100.00226490395
2022-04-27 15:30:00,102.857864692633
2022-04-27 15:32:00,100.909609577511
2022-04-27 15:34:00,97.326741980678
2022-04-27 15:36:00,96.9207496209101
2022-04-27 15:38:00,93.7114808004005
2022-04-27 15:40:00,94.5425255717796
2022-04-27 15:42:00,98.8873400468777
2022-04-27 15:44:00,96.9528252285645
2022-04-27 15:46:00,102.556003262208
2022-04-27 15:48:00,96.5204314193815
2022-04-27 15:50:00,100.66572229479
2022-04-27 15:52:00,95.9715673046411
2022-04-27 15:54:00,97.4859667220129
2022-04-27 15:56:00,97.1272524549179
2022-04-27 15:58:00,98.3925278232814
2022-04-27 16:00:00,96.6557531025742
2022-04-27 16:02:00,99.726342161059
2022-04-27 16:04:00,97.0852173210956
2022-04-27 16:06:00,98.0290903726377
2022-04-27 16:08:00,98.883139155696
2022-04-27 16:10:00,97.631098387417
2022-04-27 16:12:00,97.8253269268373
2022-04-27 16:14:00,97.1122189033002
2022-04-27 16:16:00,96.2029156941626
2022-04-27 16:18:00,100.694574170025
2022-04-27 16:20:00,95.4813719742634
2022-04-27 16:22:00,102.828662610171
2022-04-27 16:24:00,95.119854528458
2022-04-27 16:26:00,97.0210118043614
2022-04-27 16:28:00,93.5575818142026
2022-04-27 16:30:00,99.5345887062316
2022-04-27 16:32:00,96.6854856994152
2022-04-27 16:34:00,104.588650647103
2022-04-27 16:36:00,94.2952751773022
2022-04-27 16:38:00,101.46030988618
2022-04-27 16:40:00,96.5266312669778
2022-04-27 16:42:00,95.9173517413032
2022-04-27 16:44:00,97.1580413280929
2022-04-27 16:46:00,98.0960055578431
2022-04-27 16:48:00,98.2996924435496
2022-04-27 16:50:00,97.7384744753626
2022-04-27 16:52:00,97.3123697077342
2022-04-27 16:54:00,97.9713215649517
2022-04-27 16:56:00,96.7951706449597
2022-04-27 16:58:00,93.3807167500414
2022-04-27 17:00:00,100.975028642429
2022-04-27 17:02:00,95.0705056439428
2022-04-27 17:04:00,99.0622587807462
2022-04-27 17:06:00,95.9376153331896
2022-04-27 17:08:00,97.3988360033511
2022-04-27 17:10:00,96.3346919246761
2022-04-27 17:12:00,99.9026420215342
2022-04-27 17:14:00,98.8358432899447
2022-04-27 17:16:00,97.2080689909468
2022-04-27 17:18:00,98.5749126782079
2022-04-27 17:20:00,97.8760131521215
2022-04-27 17:22:00,96.3298974541637
2022-04-27 17:24:00,98.2129636001451
2022-04-27 17:26:00,98.0893014327063
2022-04-27 17:28:00,99.9685646977905
2022-04-27 17:30:00,101.942446753562
2022-04-27 17:32:00,98.2118703860844
2022-04-27 17:34:00,101.979394425622
2022-04-27 17:36:00,98.2186516273469
2022-04-27 17:38:00,97.7048360824714
2022-04-27 17:40:00,98.041660356893
2022-04-27 17:42:00,97.8902123348337
2022-04-27 17:44:00,100.061232104917
2022-04-27 17:46:00,101.467154743303
2022-04-27 17:48:00,96.4422965634031
2022-04-27 17:50:00,100.426864516727
2022-04-27 17:52:00,99.6649793527778
2022-04-27 17:54:00,97.5018183023454
2022-04-27 17:56:00,101.950089095087
2022-04-27 17:58:00,93.5615345752672
2022-04-27 18:00:00,98.7180078426366
2022-04-27 18:02:00,97.6500801133324
2022-04-27 18:04:00,98.2393505769846
2022-04-27 18:06:00,96.3647096820603
2022-04-27 18:08:00,95.8341244845105
2022-04-27 18:10:00,98.4459465602355
2022-04-27 18:12:00,97.3787697203285
2022-04-27 18:14:00,98.789814373726
2022-04-27 18:16:00,97.0032312492879
2022-04-27 18:18:00,99.104129422731
2022-04-27 18:20:00,100.958415503237
2022-04-27 18:22:00,102.770426375897
2022-04-27 18:24:00,96.1742884638577
2022-04-27 18:26:00,98.4141711852495
2022-04-27 18:28:00,97.8381784594581
2022-04-27 18:30:00,97.7643473672344
2022-04-27 18:32:00,100.921775370982
2022-04-27 18:34:00,96.8148198867989
2022-04-27 18:36:00,99.4092506318315
2022-04-27 18:38:00,96.7095139986922
2022-04-27 18:40:00,99.3663044460184
2022-04-27 18:42:00,96.6053330821765
2022-04-27 18:44:00,100.401577538286
2022-04-27 18:46:00,94.8943874471202
2022-04-27 18:48:00,91.1592006799943
2022-04-27 18:50:00,101.140970081019
2022-04-27 18:52:00,98.0658894520155
2022-04-27 18:54:00,101.197217599887
2022-04-27 18:56:00,95.9381713751185
2022-04-27 18:58:00,97.412901401976
2022-04-27 19:00:00,95.6301937337612
2022-04-27 19:02:00,96.6300871326001
2022-04-27 19:04:00,97.8209607681423
2022-04-27 19:06:00,97.0302749867861
2022-04-27 19:08:00,95.7782307004374
2022-04-27 19:10:00,97.5256003841067
2022-04-27 19:12:00,93.1146473081802
2022-04-27 19:14:00,94.7401994365021
2022-04-27 19:16:00,94.4872697078233
2022-04-27 19:18:00,97.5996151297393
2022-04-27 19:20:00,95.5676083519508
2022-04-27 19:22:00,101.137022756935
2022-04-27 19:24:00,95.7763103932554
2022-04-27 19:26:00,94.8902737186848
2022-04-27 19:28:00,93.3602344204318
2022-04-27 19:30:00,95.2169977141101
2022-04-27 19:32:00,96.5292074861992
2022-04-27 19:34:00,94.1790493926456
2022-04-27 19:36:00,91.6754698281329
2022-04-27 19:38:00,95.9664846283108
2022-04-27 19:40:00,96.1151145564913
2022-04-27 19:42:00,94.9396856984043
2022-04-27 19:44:00,95.5554917690662
2022-04-27 19:46:00,98.4283093825096
2022-04-27 19:48:00,96.1023624843784
2022-04-27 19:50:00,96.7634589489022
2022-04-27 19:52:00,96.3592324689427
2022-04-27 19:54:00,97.6354484120777
2022-04-27 19:56:00,94.4115096862343
2022-04-27 19:58:00,93.5213537394359
2022-04-27 20:00:00,95.0507644608968
2022-04-27 20:02:00,92.7819302690521
2022-04-27 20:04:00,95.5173662509966
2022-04-27 20:06:00,95.7522908431308
2022-04-27 20:08:00,95.0592524126434
2022-04-27 20:10:00,96.701945560691
2022-04-27 20:12:00,94.6746822438071
2022-04-27 20:14:00,95.5144134502274
2022-04-27 20:16:00,94.2750568307485
2022-04-27 20:18:00,95.8505779777129
2022-04-27 20:20:00,99.2071061489608
2022-04-27 20:22:00,95.2603787334406
2022-04-27 20:24:00,94.8787258456348
2022-04-27 20:26:00,96.9356292826263
2022-04-27 20:28:00,92.7793320917135
2022-04-27 20:30:00,100.587327787365
2022-04-27 20:32:00,92.0583565924734
2022-04-27 20:34:00,94.1556068946049
2022-04-27 20:36:00,103.527873979222
2022-04-27 20:38:00,95.1979502733412
2022-04-27 20:40:00,92.4308389369905
2022-04-27 20:42:00,95.8174656511134
2022-04-27 20:44:00,96.1358144995545
2022-04-27 20:46:00,98.68657072053
2022-04-27 20:48:00,92.8176448762133
2022-04-27 20:50:00,98.3684828744886
2022-04-27 20:52:00,95.0621683391654
2022-04-27 20:54:00,97.3609464865378
2022-04-27 20:56:00,95.0317054254451
2022-04-27 20:58:00,98.7099032585084
2022-04-27 21:00:00,97.7772275253716
2022-04-27 21:02:00,99.4016195266086
2022-04-27 21:04:00,99.0679457583481
2022-04-27 21:06:00,101.271706507221
2022-04-27 21:08:00,100.234624133788
2022-04-27 21:10:00,96.5720886669668
2022-04-27 21:12:00,99.6521609149434
2022-04-27 21:14:00,94.120197480255
2022-04-27 21:16:00,95.0253534236794
2022-04-27 21:18:00,98.6087521645609
2022-04-27 21:20:00,97.5668955772356
2022-04-27 21:22:00,94.8756783404012
2022-04-27 21:24:00,97.0250081018106
2022-04-27 21:26:00,100.344292014272
2022-04-27 21:28:00,95.6613433264143
2022-04-27 21:30:00,95.2992690041474
2022-04-27 21:32:00,93.6988219672799
2022-04-27 21:34:00,99.8998302341602
2022-04-27 21:36:00,101.376258380342
2022-04-27 21:38:00,98.034132904758
2022-04-27 21:40:00,94.2969445352114
2022-04-27 21:42:00,97.8395420965782
2022-04-27 21:44:00,95.4241153752796
2022-04-27 21:46:00,95.877006324366
2022-04-27 21:48:00,98.3222284578959
2022-04-27 21:50:00,98.6791758524533
2022-04-27 21:52:00,99.8866493273511
2022-04-27 21:54:00,97.9310595088955
2022-04-27 21:56:00,96.9295185930117
2022-04-27 21:58:00,97.5174984366913
2022-04-27 22:00:00,101.346833454744
2022-04-27 22:02:00,99.1826202302449
2022-04-27 22:04:00,95.7802182758384
2022-04-27 22:06:00,95.5321936155976
2022-04-27 22:08:00,94.6633172751712
2022-04-27 22:10:00,95.6176298728197
2022-04-27 22:12:00,99.0886861541378
2022-04-27 22:14:00,99.8997788291257
2022-04-27 22:16:00,100.65340056703
2022-04-27 22:18:00,98.8303925741623
2022-04-27 22:20:00,100.249070559195
2022-04-27 22:22:00,94.804512666859
2022-04-27 22:24:00,97.4535176909819
2022-04-27 22:26:00,97.3296081444526
2022-04-27 22:28:00,94.5000564553965
2022-04-27 22:30:00,94.5425341932619
2022-04-27 22:32:00,95.0159490310622
2022-04-27 22:34:00,99.4546307476731
2022-04-27 22:36:00,98.4004947208017
2022-04-27 22:38:00,98.3333520678817
2022-04-27 22:40:00,99.7058033162325
2022-04-27 22:42:00,99.5759915127436
2022-04-27 22:44:00,93.9350406892981
2022-04-27 22:46:00,102.428703894746
2022-04-27 22:48:00,92.8131796915358
2022-04-27 22:50:00,98.7314039907022
2022-04-27 22:52:00,101.398745601684
2022-04-27 22:54:00,99.1542366987628
2022-04-27 22:56:00,94.6206846746198
2022-04-27 22:58:00,99.5659714053634
2022-04-27 23:00:00,97.4102306077955
2022-04-27 23:02:00,96.1770338279646
2022-04-27 23:04:00,95.0431162614418
2022-04-27 23:06:00,91.9387936052093
2022-04-27 23:08:00,97.5534443835876
2022-04-27 23:10:00,94.7864043221788
2022-04-27 23:12:00,98.5573747984074
2022-04-27 23:14:00,100.922481655082
2022-04-27 23:16:00,100.956930433055
2022-04-27 23:18:00,97.0970819331096
2022-04-27 23:20:00,97.0626658936799
2022-04-27 23:22:00,94.5458299721707
2022-04-27 23:24:00,96.4349510145236
2022-04-27 23:26:00,97.0044537079113
2022-04-27 23:28:00,93.3474382285143
2022-04-27 23:30:00,94.134620808978
2022-04-27 23:32:00,91.7357419784727
2022-04-27 23:34:00,98.2827179779269
2022-04-27 23:36:00,94.3071970860835
2022-04-27 23:38:00,98.0529687154012
2022-04-27 23:40:00,95.3813282307349
2022-04-27 23:42:00,94.5494528942971
2022-04-27 23:44:00,94.0995868154357
2022-04-27 23:46:00,95.3090384641532
2022-04-27 23:48:00,94.9224709723791
2022-04-27 23:50:00,93.8363811962723
2022-04-27 23:52:00,90.8400201245044
2022-04-27 23:54:00,95.1690403646769
2022-04-27 23:56:00,97.8744029717187
2022-04-27 23:58:00,93.3666021336322
2022-04-28,94.9359542744323
2022-04-28 00:02:00,99.53934682903
2022-04-28 00:04:00,99.7633015586783
2022-04-28 00:06:00,94.3955606725501
2022-04-28 00:08:00,96.5903419702193
2022-04-28 00:10:00,93.763282460748
2022-04-28 00:12:00,90.7235393955082
2022-04-28 00:14:00,94.1229806289802
2022-04-28 00:16:00,91.6982028702087
2022-04-28 00:18:00,93.3520470559626
2022-04-28 00:20:00,94.5917519121056
2022-04-28 00:22:00,93.8260008073675
2022-04-28 00:24:00,96.105873165802
2022-04-28 00:26:00,94.1895594752631
2022-04-28 00:28:00,92.7193101197761
2022-04-28 00:30:00,98.1345108295509
2022-04-28 00:32:00,93.9766478422954
2022-04-28 00:34:00,93.7865390884742
2022-04-28 00:36:00,92.7893739698319
2022-04-28 00:38:00,91.8839166811685
2022-04-28 00:40:00,92.4293944960073
2022-04-28 00:42:00,94.1591337733671
2022-04-28 00:44:00,95.2229695884264
2022-04-28 00:46:00,95.6023727922446
2022-04-28 00:48:00,95.1794248604558
2022-04-28 00:50:00,94.9133763389727
2022-04-28 00:52:00,93.0365337379575
2022-04-28 00:54:00,95.7586232131744
2022-04-28 00:56:00,92.3242523615486
2022-04-28 00:58:00,94.1590445003047
2022-04-28 01:00:00,97.8587288921666
2022-04-28 01:02:00,93.5851503883473
2022-04-28 01:04:00,94.8475471020608
2022-04-28 01:06:00,93.1102515832738
2022-04-28 01:08:00,91.0760205355331
2022-04-28 01:10:00,97.056488386588
2022-04-28 01:12:00,97.104960321531
2022-04-28 01:14:00,92.0291833471654
2022-04-28 01:16:00,91.1028606458485
2022-04-28 01:18:00,94.7870333192859
2022-04-28 01:20:00,92.4508936751511
2022-04-28 01:22:00,95.5738344677222
2022-04-28 01:24:00,95.3620244990974
2022-04-28 01:26:00,93.5179929916331
2022-04-28 01:28:00,96.9356530482605
2022-04-28 01:30:00,92.7594507076899
2022-04-28 01:32:00,95.9787454625463
2022-04-28 01:34:00,99.6613023380837
2022-04-28 01:36:00,96.1545060991276
2022-04-28 01:38:00,96.0220742448457
2022-04-28 01:40:00,95.8112653203816
2022-04-28 01:42:00,92.246499046156
2022-04-28 01:44:00,97.2967905172901
2022-04-28 01:46:00,97.8558973790785
2022-04-28 01:48:00,98.3783295691112
2022-04-28 01:50:00,95.2879038863189
2022-04-28 01:52:00,93.5544443519105
2022-04-28 01:54:00,89.493104159169
2022-04-28 01:56:00,94.5650071458493
2022-04-28 01:58:00,94.3511526308172
2022-04-28 02:00:00,95.7999958766038
2022-04-28 02:02:00,96.426245294219
2022-04-28 02:04:00,94.871167148638
2022-04-28 02:06:00,90.1197423812261
2022-04-28 02:08:00,95.2169596666978
2022-04-28 02:10:00,94.3304999859319
2022-04-28 02:12:00,96.3619125694713
2022-04-28 02:14:00,97.4911751547913
2022-04-28 02:16:00,96.1633476929092
2022-04-28 02:18:00,98.8538266144289
2022-04-28 02:20:00,99.2806776918793
2022-04-28 02:22:00,94.464102349973
2022-04-28 02:24:00,94.4741269721172
2022-04-28 02:26:00,95.0378334927901
2022-04-28 02:28:00,92.2468545004005
2022-04-28 02:30:00,95.2259902170924
2022-04-28 02:32:00,98.7883702738597
2022-04-28 02:34:00,97.6990748530632
2022-04-28 02:36:00,94.2735385935581
2022-04-28 02:38:00,95.9191334371432
2022-04-28 02:40:00,96.7966613663651
2022-04-28 02:42:00,94.0993899203158
2022-04-28 02:44:00,93.5036617319369
2022-04-28 02:46:00,91.1095271025825
2022-04-28 02:48:00,95.5735943534664
2022-04-28 02:50:00,94.4992403430862
2022-04-28 02:52:00,92.4730953638315
2022-04-28 02:54:00,95.4914257576818
2022-04-28 02:56:00,95.9114581077232
2022-04-28 02:58:00,93.9145863324927
2022-04-28 03:00:00,97.1503655934618
2022-04-28 03:02:00,95.2494016086132
2022-04-28 03:04:00,93.7375427576456
2022-04-28 03:06:00,95.4509336235535
2022-04-28 03:08:00,94.5027247743189
2022-04-28 03:10:00,97.6968177706412
2022-04-28 03:12:00,93.8184240284319
2022-04-28 03:14:00,92.4052588856546
2022-04-28 03:16:00,97.8135783416227
2022-04-28 03:18:00,93.5041020733602
2022-04-28 03:20:00,96.9204286013152
2022-04-28 03:22:00,93.9222857826531
2022-04-28 03:24:00,96.1160250462446
2022-04-28 03:26:00,95.1473025167818
2022-04-28 03:28:00,92.9331362169086
2022-04-28 03:30:00,94.5193249588519
2022-04-28 03:32:00,95.4690244398458
2022-04-28 03:34:00,100.132802048358
2022-04-28 03:36:00,92.5818486263272
2022-04-28 03:38:00,93.1319673644482
2022-04-28 03:40:00,95.3290469872577
2022-04-28 03:42:00,94.6590872764041
2022-04-28 03:44:00,96.0693108767142
2022-04-28 03:46:00,96.3231079235789
2022-04-28 03:48:00,93.6690183544079
2022-04-28 03:50:00,97.5836930092448
2022-04-28 03:52:00,94.7103238910092
2022-04-28 03:54:00,94.5556021353934
2022-04-28 03:56:00,98.2244892643511
2022-04-28 03:58:00,94.9113093948141
2022-04-28 04:00:00,92.3875417113073
2022-04-28 04:02:00,94.7065361689726
2022-04-28 04:04:00,93.0184791515911
2022-04-28 04:06:00,94.3639735256423
2022-04-28 04:08:00,98.9093623909544
2022-04-28 04:10:00,98.5569905554421
2022-04-28 04:12:00,97.216244265793
2022-04-28 04:14:00,93.9261680565651
2022-04-28 04:16:00,94.6645589294393
2022-04-28 04:18:00,97.4803014130573
2022-04-28 04:20:00,98.567953735968
2022-04-28 04:22:00,95.2073843253245
2022-04-28 04:24:00,93.3189390458483
2022-04-28 04:26:00,92.0767865991431
2022-04-28 04:28:00,96.5791075590526
2022-04-28 04:30:00,92.3307708608302
2022-04-28 04:32:00,94.4541169918385
2022-04-28 04:34:00,92.7955392139509
2022-04-28 04:36:00,94.381277205415
2022-04-28 04:38:00,93.0537144039048
2022-04-28 04:40:00,90.8523604845395
2022-04-28 04:42:00,94.946499638769
2022-04-28 04:44:00,93.5047149055707
2022-04-28 04:46:00,97.9707690428424
2022-04-28 04:48:00,93.5551363935913
2022-04-28 04:50:00,98.1475237795252
2022-04-28 04:52:00,96.6640651048166
2022-04-28 04:54:00,95.1886016374048
2022-04-28 04:56:00,95.6942104226546
2022-04-28 04:58:00,95.0465384339182
2022-04-28 05:00:00,95.1007874999723
2022-04-28 05:02:00,95.69154069028
2022-04-28 05:04:00,90.9456143302524
2022-04-28 05:06:00,94.7656138412676
2022-04-28 05:08:00,93.2035712400891
2022-04-28 05:10:00,96.2276208658174
2022-04-28 05:12:00,99.9224344930055
2022-04-28 05:14:00,97.8377447599597
2022-04-28 05:16:00,96.0895502886071
2022-04-28 05:18:00,94.5087426453952
2022-04-28 05:20:00,97.0529319308122
2022-04-28 05:22:00,97.2043003281229
2022-04-28 05:24:00,99.2002768536631
2022-04-28 05:26:00,99.8121703428983
2022-04-28 05:28:00,100.267179628968
2022-04-28 05:30:00,99.7090727194278
2022-04-28 05:32:00,96.5596212009695
2022-04-28 05:34:00,93.8202898050455
2022-04-28 05:36:00,90.1193163464201
2022-04-28 05:38:00,96.0282669561024
2022-04-28 05:40:00,96.2692977874321
2022-04-28 05:42:00,92.6529433552498
2022-04-28 05:44:00,94.7176063692669
2022-04-28 05:46:00,96.22990130328
2022-04-28 05:48:00,93.8993538456283
2022-04-28 05:50:00,94.5903644747799
2022-04-28 05:52:00,96.5042008236538
2022-04-28 05:54:00,93.0651793985879
2022-04-28 05:56:00,97.3133012317978
2022-04-28 05:58:00,95.617088609854
2022-04-28 06:00:00,91.741170238417
2022-04-28 06:02:00,97.3140647468286
2022-04-28 06:04:00,95.1252668008353
2022-04-28 06:06:00,99.1663748562404
2022-04-28 06:08:00,97.047941375446
2022-04-28 06:10:00,95.0007844421651
2022-04-28 06:12:00,97.6490887015128
2022-04-28 06:14:00,93.0483237168795
2022-04-28 06:16:00,95.3480051811729
2022-04-28 06:18:00,93.8556832022535
2022-04-28 06:20:00,95.8665176932113
2022-04-28 06:22:00,92.6853469433759
2022-04-28 06:24:00,93.8462099245273
2022-04-28 06:26:00,93.4225504144784
2022-04-28 06:28:00,99.1642620693698
2022-04-28 06:30:00,92.1814128717463
2022-04-28 06:32:00,95.5158478522265
2022-04-28 06:34:00,101.38076725367
2022-04-28 06:36:00,99.1419612707655
2022-04-28 06:38:00,96.8706740376398
2022-04-28 06:40:00,96.126361956956
2022-04-28 06:42:00,96.630760127544
2022-04-28 06:44:00,98.1383918171474
2022-04-28 06:46:00,101.567788452229
2022-04-28 06:48:00,97.772386134052
2022-04-28 06:50:00,99.449608467718
2022-04-28 06:52:00,98.594624679925
2022-04-28 06:54:00,99.8641402914242
2022-04-28 06:56:00,101.742165422957
2022-04-28 06:58:00,100.505199142945
2022-04-28 07:00:00,99.3530859183939
2022-04-28 07:02:00,95.9938949106452
2022-04-28 07:04:00,101.05186796765
2022-04-28 07:06:00,98.0584547643215
2022-04-28 07:08:00,100.711691723981
2022-04-28 07:10:00,97.1560555590295
2022-04-28 07:12:00,99.4325815502077
2022-04-28 07:14:00,99.0099252094815
2022-04-28 07:16:00,98.6615179373249
2022-04-28 07:18:00,96.7879236037799
2022-04-28 07:20:00,98.4230095386578
2022-04-28 07:22:00,103.008337920595
2022-04-28 07:24:00,98.1941511583097
2022-04-28 07:26:00,99.1057887520963
2022-04-28 07:28:00,99.1393922582585
2022-04-28 07:30:00,103.523994827579
2022-04-28 07:32:00,98.6733150882148
2022-04-28 07:34:00,103.444747725966
2022-04-28 07:36:00,101.607595011857
2022-04-28 07:38:00,99.8234933407012
2022-04-28 07:40:00,102.257811161812
2022-04-28 07:42:00,98.0871939533037
2022-04-28 07:44:00,102.164185972376
2022-04-28 07:46:00,101.708394234147
2022-04-28 07:48:00,100.081253347661
2022-04-28 07:50:00,102.537199275483
2022-04-28 07:52:00,101.797192724902
2022-04-28 07:54:00,99.9605570136711
2022-04-28 07:56:00,100.954929255266
2022-04-28 07:58:00,105.681409828985
2022-04-28 08:00:00,107.602858770264
2022-04-28 08:02:00,110.257728634591
2022-04-28 08:04:00,110.94162455308
2022-04-28 08:06:00,104.639549861081
2022-04-28 08:08:00,105.104347575055
2022-04-28 08:10:00,105.300054773196
2022-04-28 08:12:00,103.315610471827
2022-04-28 08:14:00,106.94103817271
2022-04-28 08:16:00,107.552701842475
2022-04-28 08:18:00,105.047236098738
2022-04-28 08:20:00,108.301437398464
2022-04-28 08:22:00,104.812909588167
2022-04-28 08:24:00,104.500898210198
2022-04-28 08:26:00,104.204412632915
2022-04-28 08:28:00,97.3460509902813
2022-04-28 08:30:00,101.524139522592
2022-04-28 08:32:00,108.082172054312
2022-04-28 08:34:00,116.216145804564
2022-04-28 08:36:00,112.4418424836
2022-04-28 08:38:00,103.306080941718
2022-04-28 08:40:00,103.740125592934
2022-04-28 08:42:00,103.102241705729
2022-04-28 08:44:00,101.648615668502
2022-04-28 08:46:00,100.209354080076
2022-04-28 08:48:00,95.6673064020207
2022-04-28 08:50:00,98.5697259865289
2022-04-28 08:52:00,97.7345982532083
2022-04-28 08:54:00,97.6202003160541
2022-04-28 08:56:00,98.7482416310277
2022-04-28 08:58:00,102.997662249608
2022-04-28 09:00:00,96.8300303337421
2022-04-28 09:02:00,97.4878859254292
2022-04-28 09:04:00,96.2466857186741
2022-04-28 09:06:00,106.904279556034
2022-04-28 09:08:00,110.027034225822
2022-04-28 09:10:00,109.998655858733
2022-04-28 09:12:00,112.165856398335
2022-04-28 09:14:00,109.191261952546
2022-04-28 09:16:00,110.954871822614
2022-04-28 09:18:00,110.821680357518
2022-04-28 09:20:00,103.198139008161
2022-04-28 09:22:00,102.802937477518
2022-04-28 09:24:00,105.277024630706
2022-04-28 09:26:00,102.965893979724
2022-04-28 09:28:00,102.603047059311
2022-04-28 09:30:00,104.118641058371
2022-04-28 09:32:00,106.575204887926
2022-04-28 09:34:00,101.664842544655
2022-04-28 09:36:00,102.876960727246
2022-04-28 09:38:00,103.758218956472
2022-04-28 09:40:00,101.560112273029
2022-04-28 09:42:00,99.347616030069
2022-04-28 09:44:00,102.927625749892
2022-04-28 09:46:00,100.845415606724
2022-04-28 09:48:00,101.028694744419
2022-04-28 09:50:00,100.20977425879
2022-04-28 09:52:00,97.3780142120561
2022-04-28 09:54:00,100.199995237538
2022-04-28 09:56:00,98.8966777132411
2022-04-28 09:58:00,98.759547102194
2022-04-28 10:00:00,98.8394657276222
2022-04-28 10:02:00,97.1707989937265
2022-04-28 10:04:00,98.060120694845
2022-04-28 10:06:00,100.660280086766
2022-04-28 10:08:00,100.711070004499
2022-04-28 10:10:00,97.7569085112008
2022-04-28 10:12:00,98.4972835579176
2022-04-28 10:14:00,98.4319645853982
2022-04-28 10:16:00,96.3306141914947
2022-04-28 10:18:00,96.3235693488547
2022-04-28 10:20:00,97.1214198479415
2022-04-28 10:22:00,97.0183134832233
2022-04-28 10:24:00,96.2116916171766
2022-04-28 10:26:00,97.8099315017794
2022-04-28 10:28:00,98.0853377104123
2022-04-28 10:30:00,97.3039052433824
2022-04-28 10:32:00,94.912148496204
2022-04-28 10:34:00,94.2572491124654
2022-04-28 10:36:00,97.8927826131725
2022-04-28 10:38:00,93.7375319082842
2022-04-28 10:40:00,95.9434281176067
2022-04-28 10:42:00,92.6791108687296
2022-04-28 10:44:00,95.620655010775
2022-04-28 10:46:00,97.8128812177498
2022-04-28 10:48:00,94.1401579877083
2022-04-28 10:50:00,93.8439661272118
2022-04-28 10:52:00,94.1106703849371
2022-04-28 10:54:00,94.7854247883437
2022-04-28 10:56:00,94.1954686530954
2022-04-28 10:58:00,96.6469186954044
2022-04-28 11:00:00,93.8331176047657
2022-04-28 11:02:00,94.6022240314407
2022-04-28 11:04:00,94.3989044168835
2022-04-28 11:06:00,95.8442926814801
2022-04-28 11:08:00,98.1416698597099
2022-04-28 11:10:00,95.0593581671317
2022-04-28 11:12:00,99.3610644909416
2022-04-28 11:14:00,99.5448082918899
2022-04-28 11:16:00,96.5702225852274
2022-04-28 11:18:00,99.4790089589142
2022-04-28 11:20:00,102.724919976133
2022-04-28 11:22:00,98.5326715305504
2022-04-28 11:24:00,106.716291945476
2022-04-28 11:26:00,103.621164340868
2022-04-28 11:28:00,103.790518224523
2022-04-28 11:30:00,106.331085018517
2022-04-28 11:32:00,103.596845564527
2022-04-28 11:34:00,106.076449323805
2022-04-28 11:36:00,104.850262990823
2022-04-28 11:38:00,104.438013752332
2022-04-28 11:40:00,99.8013691582313
2022-04-28 11:42:00,106.560970672853
2022-04-28 11:44:00,99.8452220646165
2022-04-28 11:46:00,98.062899805186
2022-04-28 11:48:00,100.148777622208
2022-04-28 11:50:00,93.3889635436371
2022-04-28 11:52:00,94.547548594904
2022-04-28 11:54:00,97.0154676204644
2022-04-28 11:56:00,97.5715697975245
2022-04-28 11:58:00,101.322502720573
2022-04-28 12:00:00,100.838924474939
2022-04-28 12:02:00,94.0039573065376
2022-04-28 12:04:00,97.3568937912842
2022-04-28 12:06:00,100.605566913422
2022-04-28 12:08:00,103.800435398491
2022-04-28 12:10:00,110.001625103433
2022-04-28 12:12:00,112.908137549371
2022-04-28 12:14:00,113.648148291493
2022-04-28 12:16:00,105.372473599837
2022-04-28 12:18:00,109.3563575254
2022-04-28 12:20:00,128.650157817699
2022-04-28 12:22:00,117.703747280891
2022-04-28 12:24:00,129.299877922348
2022-04-28 12:26:00,131.971476967253
2022-04-28 12:28:00,132.644757382666
2022-04-28 12:30:00,135.05826867688
2022-04-28 12:32:00,133.142720856983
2022-04-28 12:34:00,131.864542815784
2022-04-28 12:36:00,131.193081620941
2022-04-28 12:38:00,129.955892500316
2022-04-28 12:40:00,134.003940709075
2022-04-28 12:42:00,134.742617405994
