"Id","Latitude","Longitude","UTC","DeviceName","DeviceId","Message","recordingEffort","knots","DriftName","DeploymentSite","depth","windU","windV","precRate","matchLong_mean","matchLat_mean","matchTime_mean"
1757500657,41.05788,-124.48456,2022-04-25 15:36:42,"E","0-2573438","UNLIMITED-TRACK",FALSE,NA,"ADRIFT_017","TRI",596,0.190590813755989,-1.3152734041214,1.20000004244503e-06,235.5,41,2022-04-25 13:30:00
1757515303,41.05508,-124.48428,2022-04-25 16:07:05,"E","0-2573438","UNLIMITED-TRACK",FALSE,0.331857670305579,"ADRIFT_017","TRI",596,0.190590813755989,-1.3152734041214,1.20000004244503e-06,235.5,41,2022-04-25 13:30:00
1757515694,41.05497,-124.48425,2022-04-25 16:07:53,"AH","0-2574328","UNLIMITED-TRACK",FALSE,NA,"ADRIFT_017","TRI",596,0.190590813755989,-1.3152734041214,1.20000004244503e-06,235.5,41,2022-04-25 13:30:00
1757528962,41.05199,-124.48311,2022-04-25 16:36:24,"E","0-2573438","UNLIMITED-TRACK",FALSE,0.393710391395403,"ADRIFT_017","TRI",596,2.35963869094849,-4.05547618865967,0,235.5,41,2022-04-25 18:00:00
1757543739,41.0484,-124.48322,2022-04-25 17:07:22,"E","0-2573438","UNLIMITED-TRACK",FALSE,0.416394430800801,"ADRIFT_017","TRI",596,2.35963869094849,-4.05547618865967,0,235.5,41,2022-04-25 18:00:00
1757544057,41.04828,-124.48323,2022-04-25 17:08:04,"AH","0-2574328","UNLIMITED-TRACK",FALSE,0.401801647374076,"ADRIFT_017","TRI",596,2.35963869094849,-4.05547618865967,0,235.5,41,2022-04-25 18:00:00
1757558245,41.04491,-124.48338,2022-04-25 17:36:07,"E","0-2573438","UNLIMITED-TRACK",FALSE,0.436150983953698,"ADRIFT_017","TRI",596,2.35963869094849,-4.05547618865967,0,235.5,41,2022-04-25 18:00:00
1757572345,41.04104,-124.48387,2022-04-25 18:06:56,"E","0-2573438","UNLIMITED-TRACK",FALSE,0.453001058177554,"ADRIFT_017","TRI",564,2.35963869094849,-4.05547618865967,0,235.5,41,2022-04-25 18:00:00
1757573205,41.04079,-124.48392,2022-04-25 18:09:00,"AH","0-2574328","UNLIMITED-TRACK",FALSE,0.442454183356238,"ADRIFT_017","TRI",564,2.35963869094849,-4.05547618865967,0,235.5,41,2022-04-25 18:00:00
1757585147,41.0372,-124.48473,2022-04-25 18:35:55,"E","0-2573438","UNLIMITED-TRACK",FALSE,0.482531866139496,"ADRIFT_017","TRI",564,2.35963869094849,-4.05547618865967,0,235.5,41,2022-04-25 18:00:00
1757597495,41.03272,-124.48531,2022-04-25 19:05:58,"AH","0-2574328","UNLIMITED-TRACK",TRUE,0.512982150027441,"ADRIFT_017","TRI",564,2.35963869094849,-4.05547618865967,0,235.5,41,2022-04-25 18:00:00
1757597960,41.0326,-124.48535,2022-04-25 19:06:54,"E","0-2573438","UNLIMITED-TRACK",TRUE,0.535878971086125,"ADRIFT_017","TRI",564,2.35963869094849,-4.05547618865967,0,235.5,41,2022-04-25 18:00:00
1757610305,41.02814,-124.48645,2022-04-25 19:35:43,"E","0-2573438","UNLIMITED-TRACK",TRUE,0.565357458958686,"ADRIFT_017","TRI",564,2.12201404571533,-4.32090091705322,0,235.5,41,2022-04-25 19:30:00
1757622966,41.02357,-124.48804,2022-04-25 20:06:26,"E","0-2573438","UNLIMITED-TRACK",TRUE,0.552463053584609,"ADRIFT_017","TRI",534,2.12201404571533,-4.32090091705322,0,235.5,41,2022-04-25 19:30:00
1757623860,41.02319,-124.48814,2022-04-25 20:08:59,"AH","0-2574328","UNLIMITED-TRACK",TRUE,0.556591613513256,"ADRIFT_017","TRI",534,2.12201404571533,-4.32090091705322,0,235.5,41,2022-04-25 19:30:00
1757633513,41.0194,-124.48987,2022-04-25 20:35:29,"E","0-2573438","UNLIMITED-TRACK",TRUE,0.54316112874792,"ADRIFT_017","TRI",534,2.12201404571533,-4.32090091705322,0,235.5,41,2022-04-25 19:30:00
1757646514,41.01506,-124.4917,2022-04-25 21:07:21,"E","0-2573438","UNLIMITED-TRACK",TRUE,0.513367831317266,"ADRIFT_017","TRI",563,2.12201404571533,-4.32090091705322,0,235.5,41,2022-04-25 19:30:00
1757646853,41.01498,-124.4917,2022-04-25 21:08:06,"AH","0-2574328","UNLIMITED-TRACK",TRUE,0.524880952668955,"ADRIFT_017","TRI",563,2.12201404571533,-4.32090091705322,0,235.5,41,2022-04-25 19:30:00
1757657035,41.01126,-124.49332,2022-04-25 21:35:10,"E","0-2573438","UNLIMITED-TRACK",TRUE,0.515468624839522,"ADRIFT_017","TRI",563,2.12201404571533,-4.32090091705322,0,235.5,41,2022-04-25 19:30:00
1757668213,41.00721,-124.49506,2022-04-25 22:04:55,"E","0-2573438","UNLIMITED-TRACK",TRUE,0.514059934457544,"ADRIFT_017","TRI",539,2.12201404571533,-4.32090091705322,0,235.5,41,2022-04-25 19:30:00
1757709284,41.00418,-124.49572,2022-04-25 22:05:24,"AH","0-2574328","UNLIMITED-TRACK",TRUE,0.703178246286801,"ADRIFT_017","TRI",539,2.12201404571533,-4.32090091705322,0,235.5,41,2022-04-25 19:30:00
1757678619,41.00366,-124.4968,2022-04-25 22:35:34,"E","0-2573438","UNLIMITED-TRACK",TRUE,0.443637422881905,"ADRIFT_017","TRI",539,1.343017578125,-4.55134534835815,0,235.5,41,2022-04-26 00:00:00
1757687855,41.00064,-124.49875,2022-04-25 23:04:25,"E","0-2573438","UNLIMITED-TRACK",TRUE,0.418437988994729,"ADRIFT_017","TRI",539,1.343017578125,-4.55134534835815,0,235.5,41,2022-04-26 00:00:00
1757699551,40.99823,-124.49944,2022-04-25 23:35:05,"E","0-2573438","UNLIMITED-TRACK",TRUE,0.288747646861432,"ADRIFT_017","TRI",539,1.343017578125,-4.55134534835815,0,235.5,41,2022-04-26 00:00:00
1757708737,40.99612,-124.49896,2022-04-26 00:03:53,"E","0-2573438","UNLIMITED-TRACK",TRUE,0.26695046355884,"ADRIFT_017","TRI",539,1.343017578125,-4.55134534835815,0,235.5,41,2022-04-26 00:00:00
1757709237,40.99603,-124.4989,2022-04-26 00:05:24,"AH","0-2574328","UNLIMITED-TRACK",TRUE,0.254303241880228,"ADRIFT_017","TRI",539,1.343017578125,-4.55134534835815,0,235.5,41,2022-04-26 00:00:00
1757717888,40.99316,-124.49786,2022-04-26 00:34:07,"E","0-2573438","UNLIMITED-TRACK",TRUE,0.365221685574569,"ADRIFT_017","TRI",539,1.343017578125,-4.55134534835815,0,235.5,41,2022-04-26 00:00:00
1757726042,40.99002,-124.49718,2022-04-26 01:03:38,"E","0-2573438","UNLIMITED-TRACK",TRUE,0.387093088787185,"ADRIFT_017","TRI",512,1.343017578125,-4.55134534835815,0,235.5,41,2022-04-26 00:00:00
1757726612,40.98983,-124.49713,2022-04-26 01:05:36,"AH","0-2574328","UNLIMITED-TRACK",TRUE,0.378362933240857,"ADRIFT_017","TRI",512,1.343017578125,-4.55134534835815,0,235.5,41,2022-04-26 00:00:00
1757733958,40.98653,-124.49673,2022-04-26 01:34:29,"E","0-2573438","UNLIMITED-TRACK",TRUE,0.408147118532856,"ADRIFT_017","TRI",512,0.447089850902557,-4.88252210617065,1.99999999495049e-06,235.5,41,2022-04-26 01:30:00
1757741086,40.9836,-124.49643,2022-04-26 02:03:17,"E","0-2573438","UNLIMITED-TRACK",TRUE,0.366405197994,"ADRIFT_017","TRI",512,0.447089850902557,-4.88252210617065,1.99999999495049e-06,235.5,41,2022-04-26 01:30:00
1757741995,40.98326,-124.49634,2022-04-26 02:07:01,"AH","0-2574328","UNLIMITED-TRACK",TRUE,0.3857072291461,"ADRIFT_017","TRI",512,0.447089850902557,-4.88252210617065,1.99999999495049e-06,235.5,41,2022-04-26 01:30:00
1757748313,40.98077,-124.49626,2022-04-26 02:33:58,"E","0-2573438","UNLIMITED-TRACK",TRUE,0.331525089390545,"ADRIFT_017","TRI",512,0.447089850902557,-4.88252210617065,1.99999999495049e-06,235.5,41,2022-04-26 01:30:00
1757754383,40.97816,-124.49582,2022-04-26 03:02:59,"E","0-2573438","UNLIMITED-TRACK",TRUE,0.325605335302443,"ADRIFT_017","TRI",512,0.447089850902557,-4.88252210617065,1.99999999495049e-06,235.5,41,2022-04-26 01:30:00
1757754562,40.97809,-124.49582,2022-04-26 03:03:38,"AH","0-2574328","UNLIMITED-TRACK",TRUE,0.328841838115882,"ADRIFT_017","TRI",512,0.447089850902557,-4.88252210617065,1.99999999495049e-06,235.5,41,2022-04-26 01:30:00
1757761047,40.97519,-124.49474,2022-04-26 03:34:01,"E","0-2573438","UNLIMITED-TRACK",TRUE,0.356456692644847,"ADRIFT_017","TRI",512,0.447089850902557,-4.88252210617065,1.99999999495049e-06,235.5,41,2022-04-26 01:30:00
1757767587,40.97256,-124.49294,2022-04-26 04:04:03,"E","0-2573438","UNLIMITED-TRACK",TRUE,0.354223710350548,"ADRIFT_017","TRI",477,0.447089850902557,-4.88252210617065,1.99999999495049e-06,235.5,41,2022-04-26 01:30:00
1757767723,40.9725,-124.49289,2022-04-26 04:04:36,"AH","0-2574328","UNLIMITED-TRACK",TRUE,0.354258240397409,"ADRIFT_017","TRI",477,0.447089850902557,-4.88252210617065,1.99999999495049e-06,235.5,41,2022-04-26 01:30:00
1757773660,40.96989,-124.49146,2022-04-26 04:33:29,"E","0-2573438","UNLIMITED-TRACK",TRUE,0.353306687599306,"ADRIFT_017","TRI",458,2.27866220474243,-7.22306156158447,3.16000005113892e-05,235.5,41,2022-04-26 06:00:00
1757779652,40.96698,-124.49001,2022-04-26 05:02:38,"E","0-2573438","UNLIMITED-TRACK",TRUE,0.383170469831731,"ADRIFT_017","TRI",458,2.27866220474243,-7.22306156158447,3.16000005113892e-05,235.5,41,2022-04-26 06:00:00
1757780267,40.96664,-124.48984,2022-04-26 05:05:34,"AH","0-2574328","UNLIMITED-TRACK",TRUE,0.371019528988076,"ADRIFT_017","TRI",458,2.27866220474243,-7.22306156158447,3.16000005113892e-05,235.5,41,2022-04-26 06:00:00
1757786159,40.96357,-124.48892,2022-04-26 05:34:01,"E","0-2573438","UNLIMITED-TRACK",TRUE,0.401444007711873,"ADRIFT_017","TRI",458,2.27866220474243,-7.22306156158447,3.16000005113892e-05,235.5,41,2022-04-26 06:00:00
1757792304,40.95993,-124.48776,2022-04-26 06:02:33,"E","0-2573438","UNLIMITED-TRACK",TRUE,0.47124507777224,"ADRIFT_017","TRI",458,2.27866220474243,-7.22306156158447,3.16000005113892e-05,235.5,41,2022-04-26 06:00:00
1757792900,40.95952,-124.48767,2022-04-26 06:05:29,"AH","0-2574328","UNLIMITED-TRACK",TRUE,0.437930674201144,"ADRIFT_017","TRI",458,2.27866220474243,-7.22306156158447,3.16000005113892e-05,235.5,41,2022-04-26 06:00:00
1757798803,40.95587,-124.48666,2022-04-26 06:33:36,"E","0-2573438","UNLIMITED-TRACK",TRUE,0.479312126064058,"ADRIFT_017","TRI",417,2.27866220474243,-7.22306156158447,3.16000005113892e-05,235.5,41,2022-04-26 06:00:00
1757805423,40.95128,-124.4865,2022-04-26 07:04:34,"AH","0-2574328","UNLIMITED-TRACK",TRUE,0.503668677582897,"ADRIFT_017","TRI",417,2.27866220474243,-7.22306156158447,3.16000005113892e-05,235.5,41,2022-04-26 06:00:00
1757805700,40.95109,-124.48654,2022-04-26 07:06:05,"E","0-2573438","UNLIMITED-TRACK",TRUE,0.528477819917065,"ADRIFT_017","TRI",417,2.27866220474243,-7.22306156158447,3.16000005113892e-05,235.5,41,2022-04-26 06:00:00
1757811431,40.94681,-124.48746,2022-04-26 07:32:59,"E","0-2573438","UNLIMITED-TRACK",TRUE,0.578847880443311,"ADRIFT_017","TRI",417,2.18970465660095,-7.90395975112915,1.52000002344721e-05,235.5,41,2022-04-26 07:30:00
1757817243,40.94231,-124.48967,2022-04-26 08:01:58,"AH","0-2574328","UNLIMITED-TRACK",TRUE,0.580921994577439,"ADRIFT_017","TRI",417,2.18970465660095,-7.90395975112915,1.52000002344721e-05,235.5,41,2022-04-26 07:30:00
1757817271,40.94236,-124.48956,2022-04-26 08:02:04,"E","0-2573438","UNLIMITED-TRACK",TRUE,0.583522988789601,"ADRIFT_017","TRI",417,2.18970465660095,-7.90395975112915,1.52000002344721e-05,235.5,41,2022-04-26 07:30:00
1757824316,40.93811,-124.49207,2022-04-26 08:32:29,"E","0-2573438","UNLIMITED-TRACK",TRUE,0.549730113509499,"ADRIFT_017","TRI",479,2.18970465660095,-7.90395975112915,1.52000002344721e-05,235.5,41,2022-04-26 07:30:00
1757830877,40.93462,-124.49387,2022-04-26 09:01:43,"E","0-2573438","UNLIMITED-TRACK",TRUE,0.460295687403292,"ADRIFT_017","TRI",479,2.18970465660095,-7.90395975112915,1.52000002344721e-05,235.5,41,2022-04-26 07:30:00
1757831339,40.93449,-124.49402,2022-04-26 09:03:30,"AH","0-2574328","UNLIMITED-TRACK",TRUE,0.495264584737298,"ADRIFT_017","TRI",479,2.18970465660095,-7.90395975112915,1.52000002344721e-05,235.5,41,2022-04-26 07:30:00
1757838297,40.93183,-124.49619,2022-04-26 09:32:24,"E","0-2573438","UNLIMITED-TRACK",TRUE,0.385998687932048,"ADRIFT_017","TRI",479,2.18970465660095,-7.90395975112915,1.52000002344721e-05,235.5,41,2022-04-26 07:30:00
1757845871,40.92935,-124.49878,2022-04-26 10:01:29,"E","0-2573438","UNLIMITED-TRACK",TRUE,0.390594383697554,"ADRIFT_017","TRI",479,2.18970465660095,-7.90395975112915,1.52000002344721e-05,235.5,41,2022-04-26 07:30:00
1757846157,40.92929,-124.49887,2022-04-26 10:02:31,"AH","0-2574328","UNLIMITED-TRACK",TRUE,0.387528021633158,"ADRIFT_017","TRI",479,2.18970465660095,-7.90395975112915,1.52000002344721e-05,235.5,41,2022-04-26 07:30:00
1757854241,40.9273,-124.50131,2022-04-26 10:31:59,"E","0-2573438","UNLIMITED-TRACK",TRUE,0.330571254044479,"ADRIFT_017","TRI",479,2.17426753044128,-7.97554445266724,0,235.5,41,2022-04-26 12:00:00
1757863661,40.92558,-124.50272,2022-04-26 11:02:30,"E","0-2573438","UNLIMITED-TRACK",TRUE,0.238310565258338,"ADRIFT_017","TRI",479,2.17426753044128,-7.97554445266724,0,235.5,41,2022-04-26 12:00:00
1757864273,40.92542,-124.50279,2022-04-26 11:04:45,"AH","0-2574328","UNLIMITED-TRACK",TRUE,0.281574284731029,"ADRIFT_017","TRI",479,2.17426753044128,-7.97554445266724,0,235.5,41,2022-04-26 12:00:00
1757873261,40.92379,-124.50345,2022-04-26 11:31:54,"E","0-2573438","UNLIMITED-TRACK",TRUE,0.22883708898874,"ADRIFT_017","TRI",478,2.17426753044128,-7.97554445266724,0,235.5,41,2022-04-26 12:00:00
1757884262,40.92262,-124.50346,2022-04-26 12:01:02,"E","0-2573438","UNLIMITED-TRACK",TRUE,0.144206000165586,"ADRIFT_017","TRI",478,2.17426753044128,-7.97554445266724,0,235.5,41,2022-04-26 12:00:00
1757884285,40.92262,-124.50348,2022-04-26 12:01:06,"AH","0-2574328","UNLIMITED-TRACK",TRUE,0.181509562849703,"ADRIFT_017","TRI",478,2.17426753044128,-7.97554445266724,0,235.5,41,2022-04-26 12:00:00
1757896516,40.92138,-124.50266,2022-04-26 12:31:52,"E","0-2573438","UNLIMITED-TRACK",TRUE,0.160767540203839,"ADRIFT_017","TRI",478,2.17426753044128,-7.97554445266724,0,235.5,41,2022-04-26 12:00:00
1757909351,40.92006,-124.50096,2022-04-26 13:00:50,"E","0-2573438","UNLIMITED-TRACK",TRUE,0.228744324846199,"ADRIFT_017","TRI",478,2.17426753044128,-7.97554445266724,0,235.5,41,2022-04-26 12:00:00
1757970311,40.91951,-124.50014,2022-04-26 13:02:28,"AH","0-2574328","UNLIMITED-TRACK",TRUE,0.234709514403599,"ADRIFT_017","TRI",478,2.17426753044128,-7.97554445266724,0,235.5,41,2022-04-26 12:00:00
1757924809,40.91821,-124.49864,2022-04-26 13:31:35,"E","0-2573438","UNLIMITED-TRACK",TRUE,0.298152854272168,"ADRIFT_017","TRI",478,0.605721414089203,-7.67742681503296,4.00000004674439e-07,235.5,41,2022-04-26 13:30:00
1757939083,40.91651,-124.49681,2022-04-26 14:00:43,"E","0-2573438","UNLIMITED-TRACK",TRUE,0.270506059830654,"ADRIFT_017","TRI",478,0.605721414089203,-7.67742681503296,4.00000004674439e-07,235.5,41,2022-04-26 13:30:00
1757970310,40.91633,-124.49662,2022-04-26 14:02:28,"AH","0-2574328","UNLIMITED-TRACK",TRUE,0.248496282448145,"ADRIFT_017","TRI",478,0.605721414089203,-7.67742681503296,4.00000004674439e-07,235.5,41,2022-04-26 13:30:00
1757954600,40.91479,-124.49501,2022-04-26 14:31:29,"E","0-2573438","UNLIMITED-TRACK",TRUE,0.256300493236511,"ADRIFT_017","TRI",478,0.605721414089203,-7.67742681503296,4.00000004674439e-07,235.5,41,2022-04-26 13:30:00
1757969293,40.91309,-124.49384,2022-04-26 15:00:36,"E","0-2573438","UNLIMITED-TRACK",TRUE,0.23649858861338,"ADRIFT_017","TRI",478,0.605721414089203,-7.67742681503296,4.00000004674439e-07,235.5,41,2022-04-26 13:30:00
1757970245,40.91298,-124.49379,2022-04-26 15:02:28,"AH","0-2574328","UNLIMITED-TRACK",TRUE,0.238114328229512,"ADRIFT_017","TRI",478,0.605721414089203,-7.67742681503296,4.00000004674439e-07,235.5,41,2022-04-26 13:30:00
1757984775,40.91098,-124.49268,2022-04-26 15:31:36,"E","0-2573438","UNLIMITED-TRACK",TRUE,0.264802326775956,"ADRIFT_017","TRI",478,0.605721414089203,-7.67742681503296,4.00000004674439e-07,235.5,41,2022-04-26 13:30:00
1757998772,40.90884,-124.49147,2022-04-26 16:00:07,"AH","0-2574328","UNLIMITED-TRACK",TRUE,0.280191514974799,"ADRIFT_017","TRI",425,0.605721414089203,-7.67742681503296,4.00000004674439e-07,235.5,41,2022-04-26 13:30:00
1757998888,40.90879,-124.49147,2022-04-26 16:00:24,"E","0-2573438","UNLIMITED-TRACK",TRUE,0.296058058204855,"ADRIFT_017","TRI",425,0.605721414089203,-7.67742681503296,4.00000004674439e-07,235.5,41,2022-04-26 13:30:00
1758015036,40.90641,-124.49101,2022-04-26 16:31:24,"E","0-2573438","UNLIMITED-TRACK",TRUE,0.27861992348586,"ADRIFT_017","TRI",426,1.42870724201202,-7.19647932052612,0,235.5,41,2022-04-26 18:00:00
1758029460,40.90456,-124.49147,2022-04-26 17:00:04,"E","0-2573438","UNLIMITED-TRACK",TRUE,0.23581171532812,"ADRIFT_017","TRI",426,1.42870724201202,-7.19647932052612,0,235.5,41,2022-04-26 18:00:00
1758030154,40.90446,-124.49146,2022-04-26 17:01:22,"AH","0-2574328","UNLIMITED-TRACK",TRUE,0.256770980405637,"ADRIFT_017","TRI",426,1.42870724201202,-7.19647932052612,0,235.5,41,2022-04-26 18:00:00
1758044905,40.90226,-124.49216,2022-04-26 17:30:53,"E","0-2573438","UNLIMITED-TRACK",TRUE,0.274844957938047,"ADRIFT_017","TRI",477,1.42870724201202,-7.19647932052612,0,235.5,41,2022-04-26 18:00:00
1758059442,40.89996,-124.4929,2022-04-26 17:59:41,"E","0-2573438","UNLIMITED-TRACK",TRUE,0.295176684405814,"ADRIFT_017","TRI",477,1.42870724201202,-7.19647932052612,0,235.5,41,2022-04-26 18:00:00
1758115812,40.89999,-124.493,2022-04-26 18:01:44,"AH","0-2574328","UNLIMITED-TRACK",TRUE,0.274814684173249,"ADRIFT_017","TRI",477,1.42870724201202,-7.19647932052612,0,235.5,41,2022-04-26 18:00:00
1758074328,40.89732,-124.49327,2022-04-26 18:30:35,"E","0-2573438","UNLIMITED-TRACK",TRUE,0.308506318413675,"ADRIFT_017","TRI",477,1.42870724201202,-7.19647932052612,0,235.5,41,2022-04-26 18:00:00
1758088044,40.89464,-124.49394,2022-04-26 18:59:57,"AH","0-2574328","UNLIMITED-TRACK",TRUE,0.332896163374241,"ADRIFT_017","TRI",477,1.42870724201202,-7.19647932052612,0,235.5,41,2022-04-26 18:00:00
1758101674,40.89471,-124.49398,2022-04-26 19:00:00,"E","0-2573438","UNLIMITED-TRACK",TRUE,0.325300143506394,"ADRIFT_017","TRI",477,1.42870724201202,-7.19647932052612,0,235.5,41,2022-04-26 18:00:00
1758101627,40.89205,-124.49492,2022-04-26 19:30:00,"E","0-2573438","UNLIMITED-TRACK",TRUE,0.329621812073109,"ADRIFT_017","TRI",477,3.1158618927002,-7.38490724563599,0,235.5,41,2022-04-26 19:30:00
1758114483,40.88969,-124.49579,2022-04-26 19:58:52,"E","0-2573438","UNLIMITED-TRACK",TRUE,0.304827051002114,"ADRIFT_017","TRI",472,3.1158618927002,-7.38490724563599,0,235.5,41,2022-04-26 19:30:00
1758115769,40.88944,-124.49591,2022-04-26 20:01:44,"AH","0-2574328","UNLIMITED-TRACK",TRUE,0.314450484723798,"ADRIFT_017","TRI",472,3.1158618927002,-7.38490724563599,0,235.5,41,2022-04-26 19:30:00
1758127165,40.88738,-124.49687,2022-04-26 20:29:34,"E","0-2573438","UNLIMITED-TRACK",TRUE,0.286679956442231,"ADRIFT_017","TRI",472,3.1158618927002,-7.38490724563599,0,235.5,41,2022-04-26 19:30:00
1758139251,40.88498,-124.49803,2022-04-26 20:58:28,"E","0-2573438","UNLIMITED-TRACK",TRUE,0.317615206818045,"ADRIFT_017","TRI",472,3.1158618927002,-7.38490724563599,0,235.5,41,2022-04-26 19:30:00
1758139325,40.88498,-124.49808,2022-04-26 20:58:41,"AH","0-2574328","UNLIMITED-TRACK",TRUE,0.299758571460058,"ADRIFT_017","TRI",472,3.1158618927002,-7.38490724563599,0,235.5,41,2022-04-26 19:30:00
1758151990,40.88257,-124.49997,2022-04-26 21:29:22,"E","0-2573438","UNLIMITED-TRACK",TRUE,0.328177312113749,"ADRIFT_017","TRI",472,3.1158618927002,-7.38490724563599,0,235.5,41,2022-04-26 19:30:00
1758174627,40.88031,-124.50204,2022-04-26 21:59:29,"E","0-2573438","UNLIMITED-TRACK",TRUE,0.328160131441492,"ADRIFT_017","TRI",472,3.1158618927002,-7.38490724563599,0,235.5,41,2022-04-26 19:30:00
1758163943,40.88019,-124.50208,2022-04-26 22:00:57,"AH","0-2574328","UNLIMITED-TRACK",TRUE,0.327025449054398,"ADRIFT_017","TRI",472,3.1158618927002,-7.38490724563599,0,235.5,41,2022-04-26 19:30:00
1758174591,40.87825,-124.50316,2022-04-26 22:29:29,"E","0-2573438","UNLIMITED-TRACK",TRUE,0.266727562002406,"ADRIFT_017","TRI",472,3.1158618927002,-7.38490724563599,0,235.5,41,2022-04-26 19:30:00
1758184650,40.87651,-124.50356,2022-04-26 22:57:49,"E","0-2573438","UNLIMITED-TRACK",TRUE,0.223840830686171,"ADRIFT_017","TRI",472,3.05169439315796,-8.35693359375,0,235.5,41,2022-04-27 00:00:00
1758204106,40.87637,-124.50356,2022-04-26 22:58:23,"AH","0-2574328","UNLIMITED-TRACK",TRUE,0.248934218937313,"ADRIFT_017","TRI",472,3.05169439315796,-8.35693359375,0,235.5,41,2022-04-27 00:00:00
1758194884,40.87492,-124.50352,2022-04-26 23:28:53,"E","0-2573438","UNLIMITED-TRACK",TRUE,0.183804680074539,"ADRIFT_017","TRI",461,2.21169424057007,-8.26693344116211,0,235.5,40.75,2022-04-27 00:00:00
1758203804,40.87352,-124.50288,2022-04-26 23:57:26,"E","0-2573438","UNLIMITED-TRACK",TRUE,0.186373855383824,"ADRIFT_017","TRI",461,2.21169424057007,-8.26693344116211,0,235.5,40.75,2022-04-27 00:00:00
1758204072,40.87349,-124.50287,2022-04-26 23:58:23,"AH","0-2574328","UNLIMITED-TRACK",TRUE,0.175178727434484,"ADRIFT_017","TRI",461,2.21169424057007,-8.26693344116211,0,235.5,40.75,2022-04-27 00:00:00
1758213202,40.87189,-124.50233,2022-04-27 00:28:23,"E","0-2573438","UNLIMITED-TRACK",TRUE,0.195208801344717,"ADRIFT_017","TRI",461,2.21169424057007,-8.26693344116211,0,235.5,40.75,2022-04-27 00:00:00
1758221277,40.87017,-124.50211,2022-04-27 00:56:35,"AH","0-2574328","UNLIMITED-TRACK",TRUE,0.207897603584128,"ADRIFT_017","TRI",461,2.21169424057007,-8.26693344116211,0,235.5,40.75,2022-04-27 00:00:00
1758221404,40.87014,-124.50211,2022-04-27 00:57:02,"E","0-2573438","UNLIMITED-TRACK",TRUE,0.220321341338939,"ADRIFT_017","TRI",461,2.21169424057007,-8.26693344116211,0,235.5,40.75,2022-04-27 00:00:00
1758229380,40.86805,-124.50194,2022-04-27 01:27:58,"E","0-2573438","UNLIMITED-TRACK",TRUE,0.243063826374932,"ADRIFT_017","TRI",461,2.21169424057007,-8.26693344116211,0,235.5,40.75,2022-04-27 00:00:00
1758236908,40.86572,-124.50145,2022-04-27 01:56:50,"E","0-2573438","UNLIMITED-TRACK",TRUE,0.293493702978378,"ADRIFT_017","TRI",461,0.9910888671875,-8.28113555908203,8.00000009348878e-07,235.5,40.75,2022-04-27 01:30:00
1758237466,40.86551,-124.5015,2022-04-27 01:59:06,"AH","0-2574328","UNLIMITED-TRACK",TRUE,0.268966504698713,"ADRIFT_017","TRI",461,0.9910888671875,-8.28113555908203,8.00000009348878e-07,235.5,40.75,2022-04-27 01:30:00
1758243785,40.863,-124.5014,2022-04-27 02:27:52,"E","0-2573438","UNLIMITED-TRACK",TRUE,0.314743550372709,"ADRIFT_017","TRI",461,0.9910888671875,-8.28113555908203,8.00000009348878e-07,235.5,40.75,2022-04-27 01:30:00
1758250384,40.86071,-124.50146,2022-04-27 02:55:35,"AH","0-2574328","UNLIMITED-TRACK",TRUE,0.30514312618081,"ADRIFT_017","TRI",461,0.9910888671875,-8.28113555908203,8.00000009348878e-07,235.5,40.75,2022-04-27 01:30:00
1758250621,40.86057,-124.50125,2022-04-27 02:56:38,"E","0-2573438","UNLIMITED-TRACK",TRUE,0.303645610687972,"ADRIFT_017","TRI",461,0.9910888671875,-8.28113555908203,8.00000009348878e-07,235.5,40.75,2022-04-27 01:30:00
1758257261,40.8582,-124.5002,2022-04-27 03:27:29,"E","0-2573438","UNLIMITED-TRACK",TRUE,0.291033233066877,"ADRIFT_017","TRI",456,0.9910888671875,-8.28113555908203,8.00000009348878e-07,235.5,40.75,2022-04-27 01:30:00
1758263119,40.85601,-124.49956,2022-04-27 03:56:18,"E","0-2573438","UNLIMITED-TRACK",TRUE,0.279517994277248,"ADRIFT_017","TRI",456,0.9910888671875,-8.28113555908203,8.00000009348878e-07,235.5,40.75,2022-04-27 01:30:00
1758263245,40.85596,-124.49956,2022-04-27 03:57:05,"AH","0-2574328","UNLIMITED-TRACK",TRUE,0.289834224435631,"ADRIFT_017","TRI",456,0.9910888671875,-8.28113555908203,8.00000009348878e-07,235.5,40.75,2022-04-27 01:30:00
1758269322,40.85387,-124.49934,2022-04-27 04:27:06,"E","0-2573438","UNLIMITED-TRACK",TRUE,0.25023927385808,"ADRIFT_017","TRI",456,0.9910888671875,-8.28113555908203,8.00000009348878e-07,235.5,40.75,2022-04-27 01:30:00
1758274893,40.85173,-124.49925,2022-04-27 04:54:34,"AH","0-2574328","UNLIMITED-TRACK",TRUE,0.264632423711355,"ADRIFT_017","TRI",456,0.748986840248108,-8.42462921142578,2.40000008489005e-06,235.5,40.75,2022-04-27 06:00:00
1758275154,40.85189,-124.49954,2022-04-27 04:55:57,"E","0-2573438","UNLIMITED-TRACK",TRUE,0.247153189075591,"ADRIFT_017","TRI",456,0.748986840248108,-8.42462921142578,2.40000008489005e-06,235.5,40.75,2022-04-27 06:00:00
1758281743,40.84916,-124.49962,2022-04-27 05:27:52,"E","0-2573438","UNLIMITED-TRACK",TRUE,0.307203132438921,"ADRIFT_017","TRI",456,0.748986840248108,-8.42462921142578,2.40000008489005e-06,235.5,40.75,2022-04-27 06:00:00
1758287878,40.84677,-124.49934,2022-04-27 05:55:49,"E","0-2573438","UNLIMITED-TRACK",TRUE,0.308248352469906,"ADRIFT_017","TRI",456,0.748986840248108,-8.42462921142578,2.40000008489005e-06,235.5,40.75,2022-04-27 06:00:00
1758288116,40.84665,-124.49934,2022-04-27 05:56:53,"AH","0-2574328","UNLIMITED-TRACK",TRUE,0.292733027241776,"ADRIFT_017","TRI",456,0.748986840248108,-8.42462921142578,2.40000008489005e-06,235.5,40.75,2022-04-27 06:00:00
1758294215,40.84422,-124.49933,2022-04-27 06:25:45,"E","0-2573438","UNLIMITED-TRACK",TRUE,0.305886052408453,"ADRIFT_017","TRI",456,0.748986840248108,-8.42462921142578,2.40000008489005e-06,235.5,40.75,2022-04-27 06:00:00
1758300178,40.84162,-124.49988,2022-04-27 06:55:34,"AH","0-2574328","UNLIMITED-TRACK",TRUE,0.308790752538325,"ADRIFT_017","TRI",457,0.748986840248108,-8.42462921142578,2.40000008489005e-06,235.5,40.75,2022-04-27 06:00:00
1758300503,40.8415,-124.49992,2022-04-27 06:57:00,"E","0-2573438","UNLIMITED-TRACK",TRUE,0.31674164144949,"ADRIFT_017","TRI",457,0.748986840248108,-8.42462921142578,2.40000008489005e-06,235.5,40.75,2022-04-27 06:00:00
1758313268,40.83896,-124.50098,2022-04-27 07:26:00,"E","0-2573438","UNLIMITED-TRACK",TRUE,0.329908131872929,"ADRIFT_017","TRI",457,0.748986840248108,-8.42462921142578,2.40000008489005e-06,235.5,40.75,2022-04-27 06:00:00
1758313242,40.83634,-124.50235,2022-04-27 07:56:00,"E","0-2573438","UNLIMITED-TRACK",TRUE,0.337406248719657,"ADRIFT_017","TRI",457,0.997451186180115,-8.05911827087402,1.20000004244503e-06,235.5,40.75,2022-04-27 07:30:00
1758313368,40.83636,-124.50237,2022-04-27 07:56:29,"AH","0-2574328","UNLIMITED-TRACK",TRUE,0.329471425290662,"ADRIFT_017","TRI",457,0.997451186180115,-8.05911827087402,1.20000004244503e-06,235.5,40.75,2022-04-27 07:30:00
1758320261,40.83391,-124.50467,2022-04-27 08:28:29,"E","0-2573438","UNLIMITED-TRACK",TRUE,0.331794120612879,"ADRIFT_017","TRI",457,0.997451186180115,-8.05911827087402,1.20000004244503e-06,235.5,40.75,2022-04-27 07:30:00
1758341759,40.83187,-124.507,2022-04-27 08:55:01,"AH","0-2574328","UNLIMITED-TRACK",TRUE,0.34985470123515,"ADRIFT_017","TRI",457,0.997451186180115,-8.05911827087402,1.20000004244503e-06,235.5,40.75,2022-04-27 07:30:00
1758326821,40.83191,-124.50717,2022-04-27 08:57:01,"E","0-2573438","UNLIMITED-TRACK",TRUE,0.347045563286966,"ADRIFT_017","TRI",457,0.997451186180115,-8.05911827087402,1.20000004244503e-06,235.5,40.75,2022-04-27 07:30:00
1758333738,40.83016,-124.50974,2022-04-27 09:24:52,"E","0-2573438","UNLIMITED-TRACK",TRUE,0.338004133637648,"ADRIFT_017","TRI",493,0.997451186180115,-8.05911827087402,1.20000004244503e-06,235.5,40.75,2022-04-27 07:30:00
1758341661,40.82835,-124.51198,2022-04-27 09:54:48,"E","0-2573438","UNLIMITED-TRACK",TRUE,0.297986514051798,"ADRIFT_017","TRI",493,0.997451186180115,-8.05911827087402,1.20000004244503e-06,235.5,40.75,2022-04-27 07:30:00
1758341732,40.82835,-124.51198,2022-04-27 09:55:01,"AH","0-2574328","UNLIMITED-TRACK",TRUE,0.309219812562548,"ADRIFT_017","TRI",493,0.997451186180115,-8.05911827087402,1.20000004244503e-06,235.5,40.75,2022-04-27 07:30:00
1758350301,40.82655,-124.51353,2022-04-27 10:25:30,"E","0-2573438","UNLIMITED-TRACK",TRUE,0.251562867355588,"ADRIFT_017","TRI",493,0.997451186180115,-8.05911827087402,1.20000004244503e-06,235.5,40.75,2022-04-27 07:30:00
1758381194,40.82487,-124.51501,2022-04-27 10:53:55,"AH","0-2574328","UNLIMITED-TRACK",TRUE,0.254348230406163,"ADRIFT_017","TRI",485,1.10396480560303,-8.47146224975586,1.20000004244503e-06,235.5,40.75,2022-04-27 12:00:00
1758358993,40.82521,-124.51491,2022-04-27 10:54:29,"E","0-2573438","UNLIMITED-TRACK",TRUE,0.21076972585073,"ADRIFT_017","TRI",493,1.10396480560303,-8.47146224975586,1.20000004244503e-06,235.5,40.75,2022-04-27 12:00:00
1758370490,40.82369,-124.51607,2022-04-27 11:25:58,"E","0-2573438","UNLIMITED-TRACK",TRUE,0.200377930059119,"ADRIFT_017","TRI",485,1.10396480560303,-8.47146224975586,1.20000004244503e-06,235.5,40.75,2022-04-27 12:00:00
1758381158,40.82247,-124.51724,2022-04-27 11:53:55,"AH","0-2574328","UNLIMITED-TRACK",TRUE,0.175799156602363,"ADRIFT_017","TRI",485,1.10396480560303,-8.47146224975586,1.20000004244503e-06,235.5,40.75,2022-04-27 12:00:00
1758381287,40.82243,-124.51726,2022-04-27 11:54:11,"E","0-2573438","UNLIMITED-TRACK",TRUE,0.197334929184715,"ADRIFT_017","TRI",485,1.10396480560303,-8.47146224975586,1.20000004244503e-06,235.5,40.75,2022-04-27 12:00:00
1758394232,40.82118,-124.5184,2022-04-27 12:25:23,"E","0-2573438","UNLIMITED-TRACK",TRUE,0.175007360879287,"ADRIFT_017","TRI",485,1.10396480560303,-8.47146224975586,1.20000004244503e-06,235.5,40.75,2022-04-27 12:00:00
1758406652,40.81963,-124.51851,2022-04-27 12:53:33,"AH","0-2574328","UNLIMITED-TRACK",TRUE,0.180599475994825,"ADRIFT_017","TRI",485,1.10396480560303,-8.47146224975586,1.20000004244503e-06,235.5,40.75,2022-04-27 12:00:00
1758406805,40.81958,-124.51851,2022-04-27 12:53:52,"E","0-2573438","UNLIMITED-TRACK",TRUE,0.201972131742457,"ADRIFT_017","TRI",485,1.10396480560303,-8.47146224975586,1.20000004244503e-06,235.5,40.75,2022-04-27 12:00:00
1758421909,40.818,-124.5182,2022-04-27 13:24:28,"E","0-2573438","UNLIMITED-TRACK",TRUE,0.187446766497887,"ADRIFT_017","TRI",485,1.10396480560303,-8.47146224975586,1.20000004244503e-06,235.5,40.75,2022-04-27 12:00:00
1758437202,40.81639,-124.51773,2022-04-27 13:53:25,"E","0-2573438","UNLIMITED-TRACK",TRUE,0.204538135963056,"ADRIFT_017","TRI",485,-0.437978506088257,-7.94180154800415,3.5999998999614e-06,235.5,40.75,2022-04-27 13:30:00
1758437721,40.81633,-124.51768,2022-04-27 13:54:22,"AH","0-2574328","UNLIMITED-TRACK",TRUE,0.198357617883323,"ADRIFT_017","TRI",485,-0.437978506088257,-7.94180154800415,3.5999998999614e-06,235.5,40.75,2022-04-27 13:30:00
1758456640,40.81454,-124.51692,2022-04-27 14:24:54,"E","0-2573438","UNLIMITED-TRACK",TRUE,0.222356729782702,"ADRIFT_017","TRI",485,-0.437978506088257,-7.94180154800415,3.5999998999614e-06,235.5,40.75,2022-04-27 13:30:00
1758470003,40.8131,-124.51663,2022-04-27 14:51:03,"AH","0-2574328","UNLIMITED-TRACK",TRUE,0.210753449513937,"ADRIFT_017","TRI",485,-0.437978506088257,-7.94180154800415,3.5999998999614e-06,235.5,40.75,2022-04-27 13:30:00
1758471130,40.813,-124.51666,2022-04-27 14:53:16,"E","0-2573438","UNLIMITED-TRACK",TRUE,0.196528900038819,"ADRIFT_017","TRI",485,-0.437978506088257,-7.94180154800415,3.5999998999614e-06,235.5,40.75,2022-04-27 13:30:00
1758487561,40.8116,-124.51736,2022-04-27 15:24:22,"E","0-2573438","UNLIMITED-TRACK",TRUE,0.172906218567945,"ADRIFT_017","TRI",485,-0.437978506088257,-7.94180154800415,3.5999998999614e-06,235.5,40.75,2022-04-27 13:30:00
1758566009,40.81069,-124.51782,2022-04-27 15:52:53,"AH","0-2574328","UNLIMITED-TRACK",TRUE,0.149471721486666,"ADRIFT_017","TRI",485,-0.437978506088257,-7.94180154800415,3.5999998999614e-06,235.5,40.75,2022-04-27 13:30:00
1758504675,40.8106,-124.5179,2022-04-27 15:56:51,"E","0-2573438","UNLIMITED-TRACK",TRUE,0.119479450669737,"ADRIFT_017","TRI",485,-0.437978506088257,-7.94180154800415,3.5999998999614e-06,235.5,40.75,2022-04-27 13:30:00
1758518563,40.8098,-124.5184,2022-04-27 16:23:53,"E","0-2573438","UNLIMITED-TRACK",TRUE,0.117630037245669,"ADRIFT_017","TRI",485,-0.437978506088257,-7.94180154800415,3.5999998999614e-06,235.5,40.75,2022-04-27 13:30:00
1758566008,40.80906,-124.51816,2022-04-27 16:52:53,"AH","0-2574328","UNLIMITED-TRACK",TRUE,0.0987627699532299,"ADRIFT_017","TRI",485,1.10847902297974,-7.21371078491211,0,235.5,40.75,2022-04-27 18:00:00
1758535274,40.80901,-124.51808,2022-04-27 16:53:59,"E","0-2573438","UNLIMITED-TRACK",TRUE,0.0986013043288557,"ADRIFT_017","TRI",485,1.10847902297974,-7.21371078491211,0,235.5,40.75,2022-04-27 18:00:00
1758551216,40.8082,-124.51698,2022-04-27 17:23:52,"E","0-2573438","UNLIMITED-TRACK",TRUE,0.139848100258364,"ADRIFT_017","TRI",477,1.10847902297974,-7.21371078491211,0,235.5,40.75,2022-04-27 18:00:00
1758565681,40.80706,-124.51576,2022-04-27 17:52:21,"E","0-2573438","UNLIMITED-TRACK",TRUE,0.185223848485918,"ADRIFT_017","TRI",477,1.10847902297974,-7.21371078491211,0,235.5,40.75,2022-04-27 18:00:00
1758565947,40.80704,-124.51576,2022-04-27 17:52:53,"AH","0-2574328","UNLIMITED-TRACK",TRUE,0.162856850940404,"ADRIFT_017","TRI",477,1.10847902297974,-7.21371078491211,0,235.5,40.75,2022-04-27 18:00:00
1758580591,40.8055,-124.51459,2022-04-27 18:23:06,"E","0-2573438","UNLIMITED-TRACK",TRUE,0.209661725417675,"ADRIFT_017","TRI",477,1.10847902297974,-7.21371078491211,0,235.5,40.75,2022-04-27 18:00:00
1758593680,40.80361,-124.51387,2022-04-27 18:49:46,"AH","0-2574328","UNLIMITED-TRACK",TRUE,0.234722304910802,"ADRIFT_017","TRI",477,1.10847902297974,-7.21371078491211,0,235.5,40.75,2022-04-27 18:00:00
1758594788,40.8036,-124.51361,2022-04-27 18:52:06,"E","0-2573438","UNLIMITED-TRACK",TRUE,0.252670558058524,"ADRIFT_017","TRI",477,1.10847902297974,-7.21371078491211,0,235.5,40.75,2022-04-27 18:00:00
1758609391,40.80113,-124.51251,2022-04-27 19:23:05,"E","0-2573438","UNLIMITED-TRACK",TRUE,0.302191894497142,"ADRIFT_017","TRI",477,1.10847902297974,-7.21371078491211,0,235.5,40.75,2022-04-27 18:00:00
1758622544,40.79851,-124.51186,2022-04-27 19:51:49,"E","0-2573438","UNLIMITED-TRACK",TRUE,0.333172127649123,"ADRIFT_017","TRI",477,2.59505367279053,-7.43966293334961,0,235.5,40.75,2022-04-27 19:30:00
1758623091,40.79839,-124.51187,2022-04-27 19:53:00,"AH","0-2574328","UNLIMITED-TRACK",TRUE,0.308718362269848,"ADRIFT_017","TRI",477,2.59505367279053,-7.43966293334961,0,235.5,40.75,2022-04-27 19:30:00
1758636712,40.79543,-124.5119,2022-04-27 20:22:22,"E","0-2573438","UNLIMITED-TRACK",TRUE,0.362017561321766,"ADRIFT_017","TRI",477,2.59505367279053,-7.43966293334961,0,235.5,40.75,2022-04-27 19:30:00
1758648269,40.79272,-124.51228,2022-04-27 20:49:14,"AH","0-2574328","UNLIMITED-TRACK",TRUE,0.362587549644367,"ADRIFT_017","TRI",477,2.59505367279053,-7.43966293334961,0,235.5,40.75,2022-04-27 19:30:00
1758649144,40.79246,-124.51233,2022-04-27 20:51:23,"E","0-2573438","UNLIMITED-TRACK",TRUE,0.369735293660265,"ADRIFT_017","TRI",477,2.59505367279053,-7.43966293334961,0,235.5,40.75,2022-04-27 19:30:00
1758661916,40.78903,-124.51321,2022-04-27 21:22:35,"E","0-2573438","UNLIMITED-TRACK",TRUE,0.402171498690218,"ADRIFT_017","TRI",460,2.59505367279053,-7.43966293334961,0,235.5,40.75,2022-04-27 19:30:00
1758673001,40.7857,-124.51413,2022-04-27 21:51:03,"E","0-2573438","UNLIMITED-TRACK",TRUE,0.429186304667515,"ADRIFT_017","TRI",460,2.59505367279053,-7.43966293334961,0,235.5,40.75,2022-04-27 19:30:00
1758673377,40.78561,-124.51418,2022-04-27 21:52:04,"AH","0-2574328","UNLIMITED-TRACK",TRUE,0.414596680806428,"ADRIFT_017","TRI",460,2.59505367279053,-7.43966293334961,0,235.5,40.75,2022-04-27 19:30:00
1758684762,40.78202,-124.51631,2022-04-27 22:23:06,"E","0-2573438","UNLIMITED-TRACK",TRUE,0.452142933984454,"ADRIFT_017","TRI",460,2.59505367279053,-7.43966293334961,0,235.5,40.75,2022-04-27 19:30:00
1758696630,40.77907,-124.51836,2022-04-27 22:48:09,"AH","0-2574328","UNLIMITED-TRACK",TRUE,0.465506778946552,"ADRIFT_017","TRI",460,1.50191402435303,-7.34398698806763,0,235.5,40.75,2022-04-28 00:00:00
1758697638,40.77872,-124.51855,2022-04-27 22:50:54,"E","0-2573438","UNLIMITED-TRACK",TRUE,0.479615931904608,"ADRIFT_017","TRI",460,1.50191402435303,-7.34398698806763,0,235.5,40.75,2022-04-28 00:00:00
1758707778,40.77502,-124.52063,2022-04-27 23:20:52,"E","0-2573438","UNLIMITED-TRACK",TRUE,0.482119210447909,"ADRIFT_017","TRI",460,1.50191402435303,-7.34398698806763,0,235.5,40.75,2022-04-28 00:00:00
1758717688,40.7716,-124.5219,2022-04-27 23:50:30,"AH","0-2574328","UNLIMITED-TRACK",TRUE,0.45724545855904,"ADRIFT_017","TRI",421,1.50191402435303,-7.34398698806763,0,235.5,40.75,2022-04-28 00:00:00
1758718234,40.77122,-124.52194,2022-04-27 23:52:06,"E","0-2573438","UNLIMITED-TRACK",TRUE,0.451603566732576,"ADRIFT_017","TRI",421,1.50191402435303,-7.34398698806763,0,235.5,40.75,2022-04-28 00:00:00
1758727209,40.7688,-124.52254,2022-04-28 00:20:39,"E","0-2573438","UNLIMITED-TRACK",TRUE,0.309711725614842,"ADRIFT_017","TRI",421,1.50191402435303,-7.34398698806763,0,235.5,40.75,2022-04-28 00:00:00
1758736105,40.76675,-124.52289,2022-04-28 00:50:30,"AH","0-2574328","UNLIMITED-TRACK",TRUE,0.293714339658297,"ADRIFT_017","TRI",421,1.50191402435303,-7.34398698806763,0,235.5,40.75,2022-04-28 00:00:00
1758736707,40.76659,-124.52295,2022-04-28 00:52:47,"E","0-2573438","UNLIMITED-TRACK",TRUE,0.249391123848021,"ADRIFT_017","TRI",421,1.50191402435303,-7.34398698806763,0,235.5,40.75,2022-04-28 00:00:00
1758744536,40.76534,-124.52299,2022-04-28 01:20:24,"E","0-2573438","UNLIMITED-TRACK",TRUE,0.162567565206105,"ADRIFT_017","TRI",421,1.50191402435303,-7.34398698806763,0,235.5,40.75,2022-04-28 00:00:00
1758752300,40.76369,-124.52325,2022-04-28 01:50:07,"E","0-2573438","UNLIMITED-TRACK",TRUE,0.200791448930966,"ADRIFT_017","TRI",421,0.984296858310699,-6.4256420135498,0,235.5,40.75,2022-04-28 01:30:00
1758752380,40.76366,-124.52325,2022-04-28 01:50:26,"AH","0-2574328","UNLIMITED-TRACK",TRUE,0.185846269749986,"ADRIFT_017","TRI",421,0.984296858310699,-6.4256420135498,0,235.5,40.75,2022-04-28 01:30:00
1758760092,40.76224,-124.52307,2022-04-28 02:21:30,"E","0-2573438","UNLIMITED-TRACK",TRUE,0.166633132539407,"ADRIFT_017","TRI",421,0.984296858310699,-6.4256420135498,0,235.5,40.75,2022-04-28 01:30:00
1758766009,40.76124,-124.52322,2022-04-28 02:47:09,"AH","0-2574328","UNLIMITED-TRACK",TRUE,0.15321113807347,"ADRIFT_017","TRI",421,0.984296858310699,-6.4256420135498,0,235.5,40.75,2022-04-28 01:30:00
1758766628,40.76114,-124.52325,2022-04-28 02:49:47,"E","0-2573438","UNLIMITED-TRACK",TRUE,0.140722749847373,"ADRIFT_017","TRI",421,0.984296858310699,-6.4256420135498,0,235.5,40.75,2022-04-28 01:30:00
1758773607,40.7598,-124.52348,2022-04-28 03:21:08,"E","0-2573438","UNLIMITED-TRACK",TRUE,0.154775098401033,"ADRIFT_017","TRI",421,0.984296858310699,-6.4256420135498,0,235.5,40.75,2022-04-28 01:30:00
1758780583,40.75886,-124.52344,2022-04-28 03:49:24,"AH","0-2574328","UNLIMITED-TRACK",TRUE,0.137617583482367,"ADRIFT_017","TRI",421,0.984296858310699,-6.4256420135498,0,235.5,40.75,2022-04-28 01:30:00
1758780763,40.75882,-124.52342,2022-04-28 03:50:07,"E","0-2573438","UNLIMITED-TRACK",TRUE,0.121538536383485,"ADRIFT_017","TRI",421,0.984296858310699,-6.4256420135498,0,235.5,40.75,2022-04-28 01:30:00
1758787248,40.75757,-124.52296,2022-04-28 04:20:54,"E","0-2573438","UNLIMITED-TRACK",TRUE,0.151401756252496,"ADRIFT_017","TRI",352,0.984296858310699,-6.4256420135498,0,235.5,40.75,2022-04-28 01:30:00
1758792424,40.75664,-124.52252,2022-04-28 04:46:42,"AH","0-2574328","UNLIMITED-TRACK",TRUE,0.145855563962439,"ADRIFT_017","TRI",352,0.582758784294128,-5.47775888442993,1.59999999596039e-05,235.5,40.75,2022-04-28 06:00:00
1758792886,40.75648,-124.52243,2022-04-28 04:49:19,"E","0-2573438","UNLIMITED-TRACK",TRUE,0.146839908479154,"ADRIFT_017","TRI",352,0.582758784294128,-5.47775888442993,1.59999999596039e-05,235.5,40.75,2022-04-28 06:00:00
1758799026,40.75504,-124.52228,2022-04-28 05:20:29,"E","0-2573438","UNLIMITED-TRACK",TRUE,0.166416440933325,"ADRIFT_017","TRI",352,0.582758784294128,-5.47775888442993,1.59999999596039e-05,235.5,40.75,2022-04-28 06:00:00
1758804906,40.75349,-124.52173,2022-04-28 05:48:41,"AH","0-2574328","UNLIMITED-TRACK",TRUE,0.185762969173648,"ADRIFT_017","TRI",352,0.582758784294128,-5.47775888442993,1.59999999596039e-05,235.5,40.75,2022-04-28 06:00:00
1758805818,40.7531,-124.52153,2022-04-28 05:52:54,"E","0-2573438","UNLIMITED-TRACK",TRUE,0.223975106033392,"ADRIFT_017","TRI",352,0.582758784294128,-5.47775888442993,1.59999999596039e-05,235.5,40.75,2022-04-28 06:00:00
1758811324,40.75123,-124.52122,2022-04-28 06:20:24,"E","0-2573438","UNLIMITED-TRACK",TRUE,0.246092562773817,"ADRIFT_017","TRI",352,0.582758784294128,-5.47775888442993,1.59999999596039e-05,235.5,40.75,2022-04-28 06:00:00
1758828762,40.74906,-124.52127,2022-04-28 06:47:22,"AH","0-2574328","UNLIMITED-TRACK",TRUE,0.27189695576349,"ADRIFT_017","TRI",352,0.582758784294128,-5.47775888442993,1.59999999596039e-05,235.5,40.75,2022-04-28 06:00:00
1758817016,40.749,-124.5213,2022-04-28 06:48:57,"E","0-2573438","UNLIMITED-TRACK",TRUE,0.280560008630711,"ADRIFT_017","TRI",352,0.582758784294128,-5.47775888442993,1.59999999596039e-05,235.5,40.75,2022-04-28 06:00:00
1758823328,40.74627,-124.52199,2022-04-28 07:20:30,"E","0-2573438","UNLIMITED-TRACK",TRUE,0.31637862872864,"ADRIFT_017","TRI",352,0.582758784294128,-5.47775888442993,1.59999999596039e-05,235.5,40.75,2022-04-28 06:00:00
1758828746,40.74361,-124.52307,2022-04-28 07:47:22,"AH","0-2574328","UNLIMITED-TRACK",TRUE,0.336276406480368,"ADRIFT_017","TRI",352,1.25311517715454,-3.66854500770569,1.72000000020489e-05,235.5,40.75,2022-04-28 07:30:00
1758829039,40.74346,-124.52315,2022-04-28 07:48:49,"E","0-2573438","UNLIMITED-TRACK",TRUE,0.373459889503904,"ADRIFT_017","TRI",352,1.25311517715454,-3.66854500770569,1.72000000020489e-05,235.5,40.75,2022-04-28 07:30:00
1758835536,40.74026,-124.52512,2022-04-28 08:20:23,"E","0-2573438","UNLIMITED-TRACK",TRUE,0.401912784893098,"ADRIFT_017","TRI",434,1.25311517715454,-3.66854500770569,1.72000000020489e-05,235.5,40.75,2022-04-28 07:30:00
1758840711,40.73795,-124.52687,2022-04-28 08:45:12,"AH","0-2574328","UNLIMITED-TRACK",TRUE,0.39456625778903,"ADRIFT_017","TRI",434,1.25311517715454,-3.66854500770569,1.72000000020489e-05,235.5,40.75,2022-04-28 07:30:00
1758841298,40.73768,-124.52713,2022-04-28 08:48:33,"E","0-2573438","UNLIMITED-TRACK",TRUE,0.382296558024929,"ADRIFT_017","TRI",434,1.25311517715454,-3.66854500770569,1.72000000020489e-05,235.5,40.75,2022-04-28 07:30:00
1758848391,40.7361,-124.52966,2022-04-28 09:19:53,"E","0-2573438","UNLIMITED-TRACK",TRUE,0.285330649749617,"ADRIFT_017","TRI",434,1.25311517715454,-3.66854500770569,1.72000000020489e-05,235.5,40.75,2022-04-28 07:30:00
1758854692,40.73526,-124.53009,2022-04-28 09:46:24,"AH","0-2574328","UNLIMITED-TRACK",TRUE,0.213440621637081,"ADRIFT_017","TRI",434,1.25311517715454,-3.66854500770569,1.72000000020489e-05,235.5,40.75,2022-04-28 07:30:00
1758855166,40.73522,-124.53009,2022-04-28 09:48:14,"E","0-2573438","UNLIMITED-TRACK",TRUE,0.118903285110052,"ADRIFT_017","TRI",434,1.25311517715454,-3.66854500770569,1.72000000020489e-05,235.5,40.75,2022-04-28 07:30:00
1758863968,40.7338,-124.53014,2022-04-28 10:19:24,"E","0-2573438","UNLIMITED-TRACK",TRUE,0.163650743767782,"ADRIFT_017","TRI",434,1.25311517715454,-3.66854500770569,1.72000000020489e-05,235.5,40.75,2022-04-28 07:30:00
1758872835,40.73212,-124.5302,2022-04-28 10:47:01,"AH","0-2574328","UNLIMITED-TRACK",TRUE,0.186061257638672,"ADRIFT_017","TRI",434,0.989013671875,-4.38618183135986,5.84000008529983e-05,235.5,40.75,2022-04-28 12:00:00
1758873256,40.73205,-124.53018,2022-04-28 10:48:02,"E","0-2573438","UNLIMITED-TRACK",TRUE,0.219480493110413,"ADRIFT_017","TRI",434,0.989013671875,-4.38618183135986,5.84000008529983e-05,235.5,40.75,2022-04-28 12:00:00
1758883417,40.72982,-124.52972,2022-04-28 11:19:29,"E","0-2573438","UNLIMITED-TRACK",TRUE,0.257709464363583,"ADRIFT_017","TRI",434,0.989013671875,-4.38618183135986,5.84000008529983e-05,235.5,40.75,2022-04-28 12:00:00
1758893484,40.72779,-124.52892,2022-04-28 11:45:36,"AH","0-2574328","UNLIMITED-TRACK",TRUE,0.27201348161042,"ADRIFT_017","TRI",434,0.989013671875,-4.38618183135986,5.84000008529983e-05,235.5,40.75,2022-04-28 12:00:00
1758894374,40.72763,-124.52888,2022-04-28 11:47:52,"E","0-2573438","UNLIMITED-TRACK",TRUE,0.288594340130797,"ADRIFT_017","TRI",434,0.989013671875,-4.38618183135986,5.84000008529983e-05,235.5,40.75,2022-04-28 12:00:00
1758907503,40.72575,-124.52812,2022-04-28 12:19:06,"E","0-2573438","UNLIMITED-TRACK",TRUE,0.22611400087248,"ADRIFT_017","TRI",434,0.989013671875,-4.38618183135986,5.84000008529983e-05,235.5,40.75,2022-04-28 12:00:00
1758919471,40.72416,-124.52722,2022-04-28 12:45:06,"AH","0-2574328","UNLIMITED-TRACK",TRUE,0.232543071502278,"ADRIFT_017","TRI",423,0.989013671875,-4.38618183135986,5.84000008529983e-05,235.5,40.75,2022-04-28 12:00:00
1758922469,40.72375,-124.52695,2022-04-28 12:51:18,"E","0-2573438","UNLIMITED-TRACK",TRUE,0.244107010002734,"ADRIFT_017","TRI",423,0.989013671875,-4.38618183135986,5.84000008529983e-05,235.5,40.75,2022-04-28 12:00:00
1758935512,40.72217,-124.52603,2022-04-28 13:19:05,"E","0-2573438","UNLIMITED-TRACK",TRUE,0.223330041670753,"ADRIFT_017","TRI",423,0.989013671875,-4.38618183135986,5.84000008529983e-05,235.5,40.75,2022-04-28 12:00:00
1758948683,40.72072,-124.52502,2022-04-28 13:45:06,"AH","0-2574328","UNLIMITED-TRACK",TRUE,0.228934334719574,"ADRIFT_017","TRI",423,0.8865966796875,-5.50750970840454,4.43999997514766e-05,235.5,40.75,2022-04-28 13:30:00
1758950469,40.72056,-124.52477,2022-04-28 13:49:00,"E","0-2573438","UNLIMITED-TRACK",TRUE,0.224890465417948,"ADRIFT_017","TRI",272,0.8865966796875,-5.50750970840454,4.43999997514766e-05,235.5,40.75,2022-04-28 13:30:00
1758981735,40.71865,-124.52346,2022-04-28 14:16:54,"E","0-2573438","UNLIMITED-TRACK",TRUE,0.277261338155603,"ADRIFT_017","TRI",272,0.8865966796875,-5.50750970840454,4.43999997514766e-05,235.5,40.75,2022-04-28 13:30:00
1759012519,40.71658,-124.52217,2022-04-28 14:44:21,"AH","0-2574328","UNLIMITED-TRACK",TRUE,0.283216320783,"ADRIFT_017","TRI",272,0.8865966796875,-5.50750970840454,4.43999997514766e-05,235.5,40.75,2022-04-28 13:30:00
1758981675,40.71655,-124.52217,2022-04-28 14:46:54,"E","0-2573438","UNLIMITED-TRACK",TRUE,0.277437777381273,"ADRIFT_017","TRI",272,0.8865966796875,-5.50750970840454,4.43999997514766e-05,235.5,40.75,2022-04-28 13:30:00
1758998207,40.71423,-124.52094,2022-04-28 15:18:06,"E","0-2573438","UNLIMITED-TRACK",TRUE,0.287896703096304,"ADRIFT_017","TRI",272,0.8865966796875,-5.50750970840454,4.43999997514766e-05,235.5,40.75,2022-04-28 13:30:00
1759012476,40.71225,-124.5202,2022-04-28 15:44:21,"AH","0-2574328","UNLIMITED-TRACK",TRUE,0.27420680889429,"ADRIFT_017","TRI",272,0.8865966796875,-5.50750970840454,4.43999997514766e-05,235.5,40.75,2022-04-28 13:30:00
1759014474,40.71195,-124.52014,2022-04-28 15:48:06,"E","0-2573438","UNLIMITED-TRACK",TRUE,0.282441456374195,"ADRIFT_017","TRI",272,0.8865966796875,-5.50750970840454,4.43999997514766e-05,235.5,40.75,2022-04-28 13:30:00
1759044487,40.70947,-124.51961,2022-04-28 16:16:24,"E","0-2573438","UNLIMITED-TRACK",TRUE,0.318783435997992,"ADRIFT_017","TRI",272,0.8865966796875,-5.50750970840454,4.43999997514766e-05,235.5,40.75,2022-04-28 13:30:00
1759044234,40.70717,-124.51932,2022-04-28 16:46:04,"AH","0-2574328","UNLIMITED-TRACK",TRUE,0.298101723109021,"ADRIFT_017","TRI",209,-0.485607922077179,-3.13032960891724,0,235.5,40.75,2022-04-28 18:00:00
1759044403,40.70715,-124.51935,2022-04-28 16:46:24,"E","0-2573438","UNLIMITED-TRACK",TRUE,0.278677953889936,"ADRIFT_017","TRI",209,-0.485607922077179,-3.13032960891724,0,235.5,40.75,2022-04-28 18:00:00
1759060679,40.70481,-124.5192,2022-04-28 17:17:30,"E","0-2573438","UNLIMITED-TRACK",TRUE,0.270479102676477,"ADRIFT_017","TRI",209,-0.485607922077179,-3.13032960891724,0,235.5,40.75,2022-04-28 18:00:00
1759073847,40.7029,-124.51938,2022-04-28 17:42:24,"AH","0-2574328","UNLIMITED-TRACK",TRUE,0.272175669284807,"ADRIFT_017","TRI",209,-0.485607922077179,-3.13032960891724,0,235.5,40.75,2022-04-28 18:00:00
1759075897,40.70256,-124.51953,2022-04-28 17:46:10,"E","0-2573438","UNLIMITED-TRACK",TRUE,0.283567121640458,"ADRIFT_017","TRI",209,-0.485607922077179,-3.13032960891724,0,235.5,40.75,2022-04-28 18:00:00
1759091661,40.69969,-124.52121,2022-04-28 18:17:37,"E","0-2573438","UNLIMITED-TRACK",TRUE,0.358703994352682,"ADRIFT_017","TRI",209,-0.485607922077179,-3.13032960891724,0,235.5,40.75,2022-04-28 18:00:00
1759104026,40.69706,-124.52402,2022-04-28 18:44:53,"AH","0-2574328","UNLIMITED-TRACK",TRUE,0.392174551082339,"ADRIFT_017","TRI",209,-0.485607922077179,-3.13032960891724,0,235.5,40.75,2022-04-28 18:00:00
1759104548,40.69698,-124.52411,2022-04-28 18:45:58,"E","0-2573438","UNLIMITED-TRACK",TRUE,0.442656652643044,"ADRIFT_017","TRI",209,-0.485607922077179,-3.13032960891724,0,235.5,40.75,2022-04-28 18:00:00
